Resource,natural_gas_ccs_2,solar_pv_2,comm_solar_pv_2,res_solar_pv_2,onshore_wind_2,battery_2,fixed_offshore_wind_2,float_offshore_wind_2,natural_gas_2,nuclear_2,ror_hydro_2,pumped_hydro_2,Total
Zone,1,1,1,1,1,1,1,1,1,1,1,1,0
AnnualSum,0.0,6363.305817465048,0.0,0.0,5.4170926023075654e-9,26850.54308726649,1.1482220017582898e6,0.0,8.276882474904481e6,0.0,339187.9058682479,2.65590958024854e-9,9.797506231435757e6
t1,0.0,0.0,0.0,0.0,1.9839480683939364e-11,1.7458263926522064e-10,3422.5936850159933,0.0,18666.80474961237,0.0,1116.6015653715,7.771369855201586e-12,23206.000000000065
t2,0.0,0.0,0.0,0.0,1.9807414945622718e-11,1.5539018036187766e-10,3950.211447983993,0.0,16842.186986644392,0.0,1116.6015653715,7.651082171248939e-12,21909.00000000007
t3,0.0,0.0,0.0,0.0,1.7107280230908334e-11,1.4117171264731815e-10,4098.933174581993,0.0,16718.465260046418,0.0,1116.6015653715,7.563129655649682e-12,21934.000000000076
t4,0.0,0.0,0.0,0.0,1.831214821473907e-11,1.2993402761810545e-10,3925.9368435239935,0.0,17227.461591104424,0.0,1116.6015653715,7.422019106419805e-12,22270.000000000073
t5,0.0,0.0,0.0,0.0,1.5918245734910706e-11,1.2079470939543897e-10,3427.9490866739934,0.0,18619.449347954436,0.0,1116.6015653715,7.329668603667213e-12,23164.000000000073
t6,0.0,0.0,0.0,0.0,1.3347562882076389e-11,1.1313442422481034e-10,3381.1729571159935,0.0,20299.225477512446,0.0,1116.6015653715,7.457099762029856e-12,24797.000000000073
t7,0.0,5.427812334838553,0.0,0.0,4.92039051061063e-12,1.065579473545468e-10,2516.3835835739933,0.0,22789.587038719626,0.0,1116.6015653715,7.372983912380441e-12,26428.000000000076
t8,0.0,18.754412114968687,0.0,0.0,6.2726606858783944e-12,1.0076483405134637e-10,1992.1969063919928,0.0,24651.44711612151,0.0,1116.6015653715,7.271304762518968e-12,27779.000000000087
t9,0.0,43.76676431834455,0.0,0.0,6.7061594137979104e-12,9.566240328969192e-11,1896.088717553993,0.0,26213.542952756143,0.0,1116.6015653715,7.146882085415464e-12,29270.00000000009
t10,0.0,67.77464482933325,0.0,0.0,4.6205201845954565e-12,9.333603856559618e-11,1692.1149454259928,0.0,28558.50884437315,0.0,1116.6015653715,7.041169393206823e-12,31435.000000000084
t11,0.0,88.72156643245576,0.0,0.0,3.1373140403445344e-12,9.10446887178553e-11,1240.906499243993,0.0,30274.770368951515,0.0,1116.6015653715,7.149711592808308e-12,32720.999999999563
t12,0.0,85.58766043034166,0.0,0.0,1.700612448285178e-12,9.272388060983682e-11,676.220825243993,0.0,32694.58994895607,0.0,1116.6015653715,7.05622900845915e-12,34573.00000000201
t13,0.0,77.77078917298287,0.0,0.0,2.544683860381646e-12,8.728812243464723e-11,544.4104145459929,0.0,32545.21723090945,0.0,1116.6015653715,6.913405431840495e-12,34284.00000000002
t14,0.0,62.404084984592416,0.0,0.0,3.231239511699093e-12,8.253680395324775e-11,357.99798098399293,0.0,31077.996368659922,0.0,1116.6015653715,6.822161973482428e-12,32615.000000000102
t15,0.0,39.923017346923416,0.0,0.0,1.9703984005266213e-12,7.923037145237338e-11,240.076189517993,0.0,30302.39922776359,0.0,1116.6015653715,6.711306131225108e-12,31699.0000000001
t16,0.0,22.483538376542885,0.0,0.0,3.22194407176252e-12,7.536934766998785e-11,192.80183867399296,0.0,29886.11305757797,0.0,1116.6015653715,6.8196891555348774e-12,31218.000000000095
t17,0.0,12.692517564554377,0.0,0.0,3.1737678388199844e-12,7.152675193248526e-11,214.21691659799296,0.0,30530.48900046598,0.0,1116.6015653715,6.6975054139790175e-12,31874.00000000011
t18,0.0,1.9915884298704005,0.0,0.0,3.8405991980749116e-12,6.88317715400981e-11,317.12860782599296,0.0,28411.278238372663,0.0,1116.6015653715,6.5621355037390595e-12,29847.000000000106
t19,0.0,0.0,0.0,0.0,7.749207077968041e-12,6.600355974735641e-11,427.12818673199297,0.0,30663.270247896533,0.0,1116.6015653715,6.427147259742401e-12,32207.000000000106
t20,0.0,0.0,0.0,0.0,6.5801277383982e-12,6.395675471272759e-11,471.40194813599294,0.0,31394.996486492528,0.0,1116.6015653715,6.274280345619489e-12,32983.000000000095
t21,0.0,0.0,0.0,0.0,8.784076845959934e-12,6.17961134666463e-11,467.51475658199297,0.0,32109.883678046564,0.0,1116.6015653715,6.3761320854055175e-12,33694.00000000013
t22,0.0,0.0,0.0,0.0,1.3678248009168336e-11,5.970755926987278e-11,486.93835261799296,0.0,30513.460082010584,0.0,1116.6015653715,6.209236598977478e-12,32117.00000000016
t23,0.0,0.0,0.0,0.0,1.3406352286090157e-11,5.8062804102590605e-11,1053.172650425993,0.0,27683.225784202587,0.0,1116.6015653715,6.055381844624319e-12,29853.00000000016
t24,0.0,0.0,0.0,0.0,2.1050781906615542e-11,5.6402700439853254e-11,2207.538711053993,0.0,23778.85972357458,0.0,1116.6015653715,5.893331268162606e-12,27103.00000000016
t25,0.0,0.0,0.0,0.0,2.0395853567832613e-11,5.483242472689252e-11,3898.1443416779935,0.0,18513.25409295059,0.0,1116.6015653715,5.725544907381048e-12,23528.000000000164
t26,0.0,0.0,0.0,0.0,2.3480208834061123e-11,5.327495745350746e-11,5095.6779460859925,0.0,17022.720488542604,0.0,1116.6015653715,5.69938886333024e-12,23235.000000000182
t27,0.0,0.0,0.0,0.0,2.5183529748014645e-11,5.171449215687465e-11,5459.955253883993,0.0,16643.443180744616,0.0,1116.6015653715,5.541516657661873e-12,23220.000000000193
t28,0.0,0.0,0.0,0.0,2.8679786840833917e-11,5.011010948676981e-11,5505.748248017992,0.0,17351.650186610637,0.0,1116.6015653715,5.332947635168519e-12,23974.000000000215
t29,0.0,0.0,0.0,0.0,3.055604351344519e-11,4.849928266814105e-11,5503.843393403993,0.0,18301.555041224663,0.0,1116.6015653715,5.1187669473422476e-12,24922.00000000024
t30,0.0,0.0,0.0,0.0,2.8096265086249445e-11,4.6867489978193503e-11,5712.703558601993,0.0,20476.694876026697,0.0,1116.6015653715,4.910640356977749e-12,27306.00000000027
t31,0.0,1.8008809564958383,0.0,0.0,2.8473039345051526e-11,4.51318410731938e-11,5931.382216841993,0.0,24042.21533683026,0.0,1116.6015653715,4.800081713243424e-12,31092.000000000327
t32,0.0,7.644517269523744,0.0,0.0,2.2424108833305916e-11,4.321847931934082e-11,5893.349400821992,0.0,29091.40451653739,0.0,1116.6015653715,4.5522507508445015e-12,36109.00000000048
t33,0.0,20.802505423364366,0.0,0.0,1.9990380020603505e-11,4.061804951432753e-11,5745.849755603993,0.0,31676.74617360196,0.0,1116.6015653715,4.305122619466485e-12,38560.00000000089
t34,0.0,43.74657010474021,0.0,0.0,2.3307099994517345e-11,14.366783134268745,5401.642611881998,0.0,32826.64246952201,0.0,1116.6015653715,2.387384939465044e-11,39403.00000001457
t35,0.0,63.83437709495879,0.0,0.0,2.321980650093836e-11,553.5518336198874,4828.369754411999,0.0,32826.64246948561,0.0,1116.6015653715,2.364507644740694e-11,39388.999999984
t36,0.0,80.93981495677819,0.0,0.0,2.3854529254667453e-11,1671.5919927393384,4097.224157423998,0.0,32826.642469510545,0.0,1116.6015653715,2.3656213795824474e-11,39793.000000002205
t37,0.0,85.61431230158728,0.0,0.0,2.0133647004345494e-11,1311.5590071507818,3189.582645671998,0.0,32826.6424695174,0.0,1116.6015653715,2.3369004666001536e-11,38530.00000001331
t38,0.0,88.3444967266257,0.0,0.0,2.0524472962727798e-11,1.3199206668305413e-11,2476.950371579998,0.0,32826.642469492304,0.0,1116.6015653715,1.973794755341269e-11,36508.53890317048
t39,0.0,73.64710923599743,0.0,0.0,2.0678785710005764e-11,1.3199206734757794e-11,2086.3066981439974,0.0,32826.64246949956,0.0,1116.6015653715,1.9527109437557698e-11,36103.19784225111
t40,0.0,37.36425386875631,0.0,0.0,2.3604872174255182e-11,203.8292345608899,2031.5624766899978,0.0,32826.6424695119,0.0,1116.6015653715,2.3422214660405084e-11,36216.000000003085
t41,0.0,20.55231787487309,0.0,0.0,2.353191536862081e-11,1734.8358577360073,2344.3677895379983,0.0,32826.642469488936,0.0,1116.6015653715,2.3613403027672878e-11,38043.00000000936
t42,0.0,5.293294641022851,0.0,0.0,3.571974481976185e-11,2204.2319970021626,3209.230673477998,0.0,32826.642469517756,0.0,1116.6015653715,2.382497969429212e-11,39362.0000000105
t43,0.0,0.0,0.0,0.0,3.200610108671698e-11,5.573261767630848e-12,4465.450810313992,0.0,32357.180491545765,0.0,1116.6015653715,4.453117756174735e-12,37939.2328672313
t44,0.0,0.0,0.0,0.0,2.3766756048028666e-11,3.8746406393275424e-11,5407.552555337993,0.0,28713.09493100309,0.0,1116.6015653715,4.344779194245641e-12,35237.24905171265
t45,0.0,0.0,0.0,0.0,3.125233624923301e-11,3.874641448948103e-11,5781.935827439993,0.0,29176.97056856803,0.0,1116.6015653715,4.4724894103060574e-12,36075.507961379604
t46,0.0,0.0,0.0,0.0,3.260636069130986e-11,3.874641841251413e-11,5940.797249999993,0.0,24884.183405824446,0.0,1116.6015653715,4.770558444506077e-12,31941.582221196015
t47,0.0,0.0,0.0,0.0,3.3425834119576784e-11,3.8746419822929863e-11,5945.999999999993,0.0,21877.32314668656,0.0,1116.6015653715,4.877903191069078e-12,28939.92471205813
t48,0.0,0.0,0.0,0.0,2.8292240490658893e-11,3.874642093397239e-11,5945.999999999993,0.0,19970.511917707103,0.0,1116.6015653715,4.9781254687458196e-12,27033.113483078665
t49,0.0,0.0,0.0,0.0,2.7603539085828772e-11,3.8746421761047126e-11,5937.155324999992,0.0,17977.781154585275,0.0,1116.6015653715,5.051957990331348e-12,25031.538044956837
t50,0.0,0.0,0.0,0.0,2.828890013510152e-11,3.8746422427873813e-11,5930.643919859993,0.0,17314.78445446482,0.0,1116.6015653715,5.120892901261256e-12,24362.029939696386
t51,0.0,0.0,0.0,0.0,2.580453180630745e-11,3.8746424010713694e-11,5813.056353053992,0.0,17119.171539442108,0.0,1116.6015653715,5.380156680655026e-12,24048.82945786767
t52,0.0,0.0,0.0,0.0,2.4354118309764752e-11,3.874642430442237e-11,5583.7401402719925,0.0,17853.313077082687,0.0,1116.6015653715,5.419684588422959e-12,24553.654782726244
t53,0.0,0.0,0.0,0.0,2.4287904827920583e-11,3.874642439902536e-11,5267.108386151993,0.0,18940.86729724354,0.0,1116.6015653715,5.477709554704481e-12,25324.577248767106
t54,0.0,0.0,0.0,0.0,2.8739400656919815e-11,3.87464243653558e-11,4947.7741928699925,0.0,21373.027197378986,0.0,1116.6015653715,5.486307283835052e-12,27437.402955620553
t55,0.0,5.611444769919078,0.0,0.0,2.8434324098858075e-11,3.874642423194811e-11,4927.441227485993,0.0,25290.429233788705,0.0,1116.6015653715,5.529350960808208e-12,31340.083471416194
t56,0.0,19.80332763682817,0.0,0.0,2.2781021205495587e-11,3.87464265684885e-11,4728.7069932599925,0.0,30751.74510636143,0.0,1116.6015653715,5.742302409156019e-12,36616.85699262982
t57,0.0,40.9173110059545,0.0,0.0,2.0371834244435867e-11,233.84740174148124,3906.9912523739945,0.0,32826.64246950727,0.0,1116.6015653715,6.8502804337224746e-12,38125.000000000226
t58,0.0,68.82351263727509,0.0,0.0,2.2330936973239344e-11,804.5646606221003,3359.367791861994,0.0,32826.64246950734,0.0,1116.6015653715,6.81777642416089e-12,38176.00000000024
t59,0.0,85.86917300723059,0.0,0.0,2.0299387953870314e-11,455.80029187014844,2995.086500243994,0.0,32826.642469507,0.0,1116.6015653715,6.8173815847023765e-12,37479.999999999905
t60,0.0,89.14365468657529,0.0,0.0,1.964554686430208e-11,538.1905044408384,3006.421805993994,0.0,32826.642469507016,0.0,1116.6015653715,6.819236626693882e-12,37576.99999999995
t61,0.0,88.50868424369801,0.0,0.0,1.7902629160570953e-11,3.874643164592162e-11,3320.770718279993,0.0,32040.647498052997,0.0,1116.6015653715,5.947247042664616e-12,36566.52846594825
t62,0.0,87.3899467020331,0.0,0.0,1.8836576910655335e-11,3.874642750234232e-11,3962.3164455959927,0.0,28752.222955744677,0.0,1116.6015653715,5.894071857675604e-12,33918.530913414266
t63,0.0,75.89202450942008,0.0,0.0,1.8856314655774887e-11,3.8746427865878274e-11,4671.908642861993,0.0,27635.952412168488,0.0,1116.6015653715,5.853739519997894e-12,33500.354644911466
t64,0.0,52.982766475458774,0.0,0.0,2.1113485039213176e-11,3.874642860766738e-11,4902.130473065993,0.0,28222.585251422348,0.0,1116.6015653715,5.826753529705785e-12,34294.30005633536
t65,0.0,24.88526291149432,0.0,0.0,2.651461703776164e-11,3.87464297699554e-11,5061.711409193993,0.0,30153.267209277852,0.0,1116.6015653715,5.788913215719785e-12,36356.46544675491
t66,0.0,6.38998526575483,0.0,0.0,2.1172569642930855e-11,3.874643145502157e-11,5271.942448475993,0.0,31047.211157721027,0.0,1116.6015653715,5.9310673253894605e-12,37442.14515683434
t67,0.0,0.0,0.0,0.0,1.7341471974076042e-11,3.874643075923694e-11,5122.314777425992,0.0,29244.506545990847,0.0,1116.6015653715,5.869604697159975e-12,35483.4228887884
t68,0.0,0.0,0.0,0.0,1.5275802294131536e-11,3.8746430021524186e-11,5022.051892439993,0.0,26238.2522533056,0.0,1116.6015653715,5.8071937819625054e-12,32376.905711117153
t69,0.0,0.0,0.0,0.0,1.5240933143760145e-11,3.874643019892465e-11,5043.242235347992,0.0,27024.38421147849,0.0,1116.6015653715,5.67286092850441e-12,33184.228012198044
t70,0.0,0.0,0.0,0.0,1.8649127583244793e-11,3.874642932356904e-11,5127.6099698879925,0.0,22696.406153288655,0.0,1116.6015653715,5.599880545562366e-12,28940.617688548213
t71,0.0,0.0,0.0,0.0,1.8300114115451956e-11,3.874642955496785e-11,5073.608814107993,0.0,19840.44750386521,0.0,1116.6015653715,5.6883143478829085e-12,26030.657883344767
t72,0.0,0.0,0.0,0.0,1.5555069443697108e-11,3.8746428988673386e-11,4449.061238075992,0.0,18736.21462455478,0.0,1116.6015653715,5.5700181568282845e-12,24301.877428002335
t73,0.0,0.0,0.0,0.0,1.4115955701619374e-11,3.87464282827773e-11,3341.659343309993,0.0,18813.851451858205,0.0,1116.6015653715,5.422323795398468e-12,23272.112360539755
t74,0.0,0.0,0.0,0.0,1.0617143094622247e-11,3.8746427374440346e-11,2556.8636840039935,0.0,19037.812903290735,0.0,1116.6015653715,5.287552910862363e-12,22711.27815266628
t75,0.0,0.0,0.0,0.0,1.1158910389585623e-11,3.8746426228987104e-11,1815.223456475993,0.0,19556.34167030405,0.0,1116.6015653715,5.154285392784738e-12,22488.166692151597
t76,0.0,0.0,0.0,0.0,1.3705285912958346e-11,3.874642545352844e-11,1279.915981439993,0.0,21326.846179213087,0.0,1116.6015653715,5.149813118750816e-12,23723.363726024636
t77,0.0,0.0,0.0,0.0,1.2549090540920082e-11,3.874642345760118e-11,1156.397273687993,0.0,22318.235836863492,0.0,1116.6015653715,4.989612566880945e-12,24591.234675923042
t78,0.0,0.0,0.0,0.0,1.161357537751616e-11,3.874642068902105e-11,1099.395058733993,0.0,24452.895947366032,0.0,1116.6015653715,4.799873456051862e-12,26668.89257147158
t79,0.0,6.25109183153709,0.0,0.0,1.04462036128649e-11,3.874641606210358e-11,1396.1416704599928,0.0,27539.569807009262,0.0,1116.6015653715,4.609452022001109e-12,30058.564134672346
t80,0.0,18.896534097333397,0.0,0.0,1.3112595002764695e-11,3.87464006310691e-11,1378.191261329993,0.0,32730.80151887733,0.0,1116.6015653715,3.63880320272611e-12,35244.49087967622
t81,0.0,40.320455936731705,0.0,0.0,1.1666218628487743e-11,1640.0180229245657,1096.4174862599998,0.0,32826.64246951471,0.0,1116.6015653715,3.238415610859557e-11,36720.000000007545
t82,0.0,63.0863846391221,0.0,0.0,1.2042753489785606e-11,1973.6836346879825,983.9859457859999,0.0,32826.64246950156,0.0,1116.6015653715,3.2518059353196304e-11,36963.999999986205
t83,0.0,82.1711169255958,0.0,0.0,1.1836657728654933e-11,1262.2692820167622,1203.3155661599997,0.0,32826.64246952027,0.0,1116.6015653715,3.2361345530384253e-11,36490.99999999417
t84,0.0,88.1319940038429,0.0,0.0,1.4030148109433885e-11,1422.2301670532408,1424.3938040519997,0.0,32826.642469505445,0.0,1116.6015653715,3.231660264897798e-11,36877.999999986074
t85,0.0,88.88115161482001,0.0,0.0,1.3211023178897067e-11,72.21881790716121,1298.6559955859998,0.0,32826.642469506456,0.0,1116.6015653715,3.2420236774532463e-11,35402.99999998598
t86,0.0,79.84874147628284,0.0,0.0,6.1472929728914115e-12,1.549111581570805e-13,1462.499244515993,0.0,31565.932759627998,0.0,1116.6015653715,4.451127385019649e-12,34224.88231099179
t87,0.0,60.04954520974553,0.0,0.0,7.0109739515347805e-12,3.8746409583201503e-11,1295.9784582719928,0.0,31533.120085321763,0.0,1116.6015653715,4.588769307245318e-12,34005.74965417505
t88,0.0,34.99959182034805,0.0,0.0,1.0569392506025833e-11,3.874641502020011e-11,1256.025548039993,0.0,32182.732434140835,0.0,1116.6015653715,4.724701628456213e-12,34590.35913937273
t89,0.0,15.930622060179571,0.0,0.0,7.942754462143017e-12,360.0813098449933,1605.744033215994,0.0,32826.642469507446,0.0,1116.6015653715,5.669760689297678e-12,35925.00000000013
t90,0.0,4.342179176428291,0.0,0.0,7.204202233569872e-12,876.5829379226406,2056.830848021994,0.0,32826.642469507446,0.0,1116.6015653715,5.332642996175766e-12,36881.00000000002
t91,0.0,0.0,0.0,0.0,9.504281465659053e-12,3.874641858959695e-11,2268.3431670599934,0.0,31298.60689410379,0.0,1116.6015653715,5.105174061329408e-12,34683.551626535336
t92,0.0,0.0,0.0,0.0,1.4880976873097718e-11,3.874641817185089e-11,2341.215309527993,0.0,27871.00702627934,0.0,1116.6015653715,5.236448171923381e-12,31328.823901178894
t93,0.0,0.0,0.0,0.0,1.2540079796724485e-11,3.874642091295539e-11,2496.539861015993,0.0,28092.134003394196,0.0,1116.6015653715,5.3022339186727985e-12,31705.275429781745
t94,0.0,0.0,0.0,0.0,1.0279168857928183e-11,3.87464216990549e-11,2637.564496559993,0.0,23730.57661273846,0.0,1116.6015653715,5.34018952611828e-12,27484.742674670004
t95,0.0,0.0,0.0,0.0,1.1231692078027059e-11,3.8746422616338644e-11,3037.5422899859927,0.0,20290.25346430807,0.0,1116.6015653715,5.378234233502114e-12,24444.397319665615
t96,0.0,0.0,0.0,0.0,1.2204333950984018e-11,3.874642483598848e-11,3291.2406346919934,0.0,18069.636608885332,0.0,1116.6015653715,5.648608990001396e-12,22477.478808948883
t97,0.0,0.0,0.0,0.0,1.2373275351065212e-11,3.8746425421870584e-11,4005.4047886559933,0.0,15475.455897332136,0.0,1116.6015653715,5.6510600936108335e-12,20597.462251359688
t98,0.0,0.0,0.0,0.0,1.1467538116298364e-11,3.8746425915320216e-11,4563.416933879993,0.0,14358.175521409452,0.0,1116.6015653715,5.6614737467727894e-12,20038.194020661
t99,0.0,0.0,0.0,0.0,1.0282573607683062e-11,3.8746426235869247e-11,5305.204996805993,0.0,13407.342718836637,0.0,1116.6015653715,5.6406518092745696e-12,19829.149281014186
t100,0.0,0.0,0.0,0.0,1.2366609053486615e-11,3.8746426459380065e-11,5443.808581691992,0.0,13750.36244569594,0.0,1116.6015653715,5.661827417716914e-12,20310.77259275949
t101,0.0,0.0,0.0,0.0,1.6441303821615787e-11,3.874642745437908e-11,5647.647058535993,0.0,14268.475014797988,0.0,1116.6015653715,5.870840837309977e-12,21032.723638705545
t102,0.0,0.0,0.0,0.0,2.911075451120271e-11,3.874642743495026e-11,5837.244354023993,0.0,16324.699895566304,0.0,1116.6015653715,5.828455153304705e-12,23278.54581496187
t103,0.0,2.069147214510139,0.0,0.0,3.4853602879891805e-11,3.874642728131966e-11,5935.941348017993,0.0,19844.633342367513,0.0,1116.6015653715,5.7639300072433315e-12,26899.245402971595
t104,0.0,4.534038894114086,0.0,0.0,3.7540555817000447e-11,3.874642716135862e-11,5943.225198017993,0.0,24933.915432593098,0.0,1116.6015653715,5.726041214848608e-12,31998.276234876786
t105,0.0,6.761162677093653,0.0,0.0,3.886911737342745e-11,3.874642673879506e-11,5945.999999999993,0.0,26499.787898898994,0.0,1116.6015653715,5.672598898736445e-12,33569.15062694767
t106,0.0,9.162442162824478,0.0,0.0,4.365859900679824e-11,3.8746426734348136e-11,5945.999999999993,0.0,27003.803522329454,0.0,1116.6015653715,5.821711098677268e-12,34075.56752986386
t107,0.0,4.029705693830873,0.0,0.0,4.2926018700229626e-11,3.8746425836281454e-11,5945.999999999993,0.0,27591.367451332877,0.0,1116.6015653715,5.7505484252723576e-12,34657.99872239829
t108,0.0,4.940242811103295,0.0,0.0,4.324843432331248e-11,3.874642492127411e-11,5945.999999999993,0.0,28953.141148843948,0.0,1116.6015653715,5.6294894533673216e-12,36020.682957026635
t109,0.0,5.734475478606353,0.0,0.0,4.4467220420257357e-11,3.874642343123728e-11,5945.999999999993,0.0,29581.425054832773,0.0,1116.6015653715,5.5345907893115144e-12,36649.76109568297
t110,0.0,5.710297059388212,0.0,0.0,4.2989457085165807e-11,3.87464209519189e-11,5945.999999999993,0.0,29088.193758130958,0.0,1116.6015653715,5.4482008442201835e-12,36156.505620561926
t111,0.0,5.967113661391674,0.0,0.0,4.22416610213046e-11,3.8746418355233524e-11,5945.999999999993,0.0,30242.257554239557,0.0,1116.6015653715,5.490270050756125e-12,37310.82623327253
t112,0.0,3.6148893213032074,0.0,0.0,4.411007047681944e-11,3.8746417694494886e-11,5945.999999999993,0.0,32268.23647492602,0.0,1116.6015653715,5.435900015561614e-12,39334.45292961891
t113,0.0,3.1371225750022136,0.0,0.0,5.018434894288186e-11,1853.6761105064024,5922.942732012,0.0,32826.642469542465,0.0,1116.6015653715,3.2248678308678774e-11,41723.00000000745
t114,0.0,0.8872879967513356,0.0,0.0,4.898680840441152e-11,3795.987848964329,5884.8808281599995,0.0,32826.64246951523,0.0,1116.6015653715,3.271462188373416e-11,43625.00000000789
t115,0.0,0.0,0.0,0.0,4.234883865662494e-11,720.7559651188371,5946.0,0.0,32826.64246948986,0.0,1116.6015653715,3.222858252373827e-11,40609.99999998027
t116,0.0,0.0,0.0,0.0,3.47091927849799e-11,5.908823505322343e-13,5945.999999999993,0.0,29818.62696352125,0.0,1116.6015653715,5.536119752814494e-12,36881.22852889278
t117,0.0,0.0,0.0,0.0,3.326865972164675e-11,3.8746453895094864e-11,5922.942732011993,0.0,29997.50668647296,0.0,1116.6015653715,5.62553955760819e-12,37037.050983856534
t118,0.0,0.0,0.0,0.0,3.243498243536853e-11,3.874651299173656e-11,5890.020152177993,0.0,25674.30472459867,0.0,1116.6015653715,5.703024403596392e-12,32680.926442148244
t119,0.0,0.0,0.0,0.0,3.184133026221139e-11,3.874655053483082e-11,5499.630111317993,0.0,22446.811003259187,0.0,1116.6015653715,5.7858103270734035e-12,29063.042679948758
t120,0.0,0.0,0.0,0.0,3.3146300915189004e-11,3.8746576456897744e-11,5301.972715529993,0.0,20172.391451869746,0.0,1116.6015653715,5.8571061765900226e-12,26590.965732771318
t121,0.0,0.0,0.0,0.0,3.41447091837135e-11,3.874661954212858e-11,5197.448486939992,0.0,18022.021570099132,0.0,1116.6015653715,6.182963646526082e-12,24336.071622410705
t122,0.0,0.0,0.0,0.0,3.4556835800592956e-11,3.874664055558663e-11,5504.330358911993,0.0,16504.168609557153,0.0,1116.6015653715,6.217027962661813e-12,23125.100533840727
t123,0.0,0.0,0.0,0.0,3.396901062748967e-11,3.874665955792377e-11,5882.044021289993,0.0,15516.400354126528,0.0,1116.6015653715,6.278449310045782e-12,22515.045940788103
t124,0.0,0.0,0.0,0.0,3.5106573787186586e-11,3.8746677008973006e-11,5860.699908875992,0.0,15742.696607044838,0.0,1116.6015653715,6.31522329739777e-12,22719.99808129241
t125,0.0,0.0,0.0,0.0,3.37696830953266e-11,3.874669297009129e-11,5866.270710329993,0.0,15968.504870379798,0.0,1116.6015653715,6.341181789694678e-12,22951.377146081373
t126,0.0,0.0,0.0,0.0,2.9477644667342637e-11,3.874672099539396e-11,5874.7569485579925,0.0,17490.846899925687,0.0,1116.6015653715,6.655861556730565e-12,24482.205413855256
t127,0.0,2.7722739937146406,0.0,0.0,2.7324044028310926e-11,3.874673483061836e-11,5833.744306529993,0.0,20886.560347489813,0.0,1116.6015653715,6.674827643347285e-12,27839.678493385094
t128,0.0,10.558934295867427,0.0,0.0,2.619037271310907e-11,3.874674800817462e-11,5659.973514917992,0.0,26669.231747762053,0.0,1116.6015653715,6.695920776707716e-12,33456.36576234749
t129,0.0,19.37733862967706,0.0,0.0,2.094989056334447e-11,3.8746760963755304e-11,4956.152552819993,0.0,29296.741890517587,0.0,1116.6015653715,6.71593705973798e-12,35388.87334733883
t130,0.0,33.60766759316279,0.0,0.0,2.032803991729603e-11,3.874677344653279e-11,3998.8110849299933,0.0,30531.17999982937,0.0,1116.6015653715,6.7313297587721785e-12,35680.20031772409
t131,0.0,33.66213461965006,0.0,0.0,1.689599792981113e-11,3.874679512200003e-11,3656.4830853179933,0.0,30631.351545085086,0.0,1116.6015653715,7.022900849286535e-12,35438.09833039429
t132,0.0,40.35927102092618,0.0,0.0,1.5714190179503148e-11,3.87468069984078e-11,3453.565881713993,0.0,31431.96118777726,0.0,1116.6015653715,7.041474633837814e-12,36042.48790588374
t133,0.0,39.29235715475405,0.0,0.0,1.1247964127650642e-11,3.8746816017191106e-11,3232.478154005993,0.0,30747.719877698528,0.0,1116.6015653715,7.04261128706972e-12,35136.09195423083
t134,0.0,38.168882088931475,0.0,0.0,7.8565289905014e-12,3.874682478202335e-11,2849.3644890239934,0.0,29007.96114322544,0.0,1116.6015653715,7.037257561897349e-12,33012.09607970992
t135,0.0,33.683727786588285,0.0,0.0,7.425204464516654e-12,3.8746834115002937e-11,2334.825797387993,0.0,29220.516543417452,0.0,1116.6015653715,7.036318388295811e-12,32705.627633963588
t136,0.0,16.18015630224218,0.0,0.0,3.629599831723953e-12,3.8746852874718075e-11,2055.060361115993,0.0,30513.854815157792,0.0,1116.6015653715,7.310602794246956e-12,33701.69689794758
t137,0.0,7.889550685882627,0.0,0.0,7.901069635552032e-12,3.8747431990826476e-11,1768.919635535993,0.0,32667.989503681,0.0,1116.6015653715,7.344414161271138e-12,35561.40025527443
t138,0.0,3.6317504839331667,0.0,0.0,9.893944562617446e-12,382.2597031710482,1546.8645114659942,0.0,32826.64246950451,0.0,1116.6015653715,8.849879511927775e-12,35875.99999999701
t139,0.0,0.0,0.0,0.0,6.525074481471968e-12,4.380095332368334e-11,1619.869725413993,0.0,30375.528709214628,0.0,1116.6015653715,7.300791586075573e-12,33112.000000000175
t140,0.0,0.0,0.0,0.0,4.321838278204291e-12,5.0673127170571925e-11,1675.374939731993,0.0,27014.02349489658,0.0,1116.6015653715,7.2745392144072125e-12,29806.00000000014
t141,0.0,0.0,0.0,0.0,2.1467915922048144e-12,6.396931603864653e-11,1790.9351048639928,0.0,27532.463329764527,0.0,1116.6015653715,7.593304703507977e-12,30440.000000000095
t142,0.0,0.0,0.0,0.0,9.233011530234447e-13,7.359953821792235e-11,1982.0537141819927,0.0,23407.344720446516,0.0,1116.6015653715,7.599496331843276e-12,26506.00000000009
t143,0.0,0.0,0.0,0.0,2.1696889303101615e-12,8.635337508329012e-11,1959.734213981993,0.0,20812.664220646493,0.0,1116.6015653715,7.634745783120265e-12,23889.000000000084
t144,0.0,0.0,0.0,0.0,2.634667903659568e-12,1.0523857957800908e-10,2001.775763741993,0.0,19166.622670886456,0.0,1116.6015653715,7.573044326592702e-12,22285.000000000065
t145,0.0,0.0,0.0,0.0,1.3401162166430044e-12,4.020311633016913e-11,2142.0180543359916,0.0,19013.402390954743,0.0,929.1525023684999,6.710186388814088e-12,22084.572947659282
t146,0.0,0.0,0.0,0.0,1.5482372482925755e-12,4.424432095675355e-11,1748.7169945799922,0.0,17244.82148581452,0.0,929.1525023684999,6.993859375417451e-12,19922.690982763062
t147,0.0,0.0,0.0,0.0,4.722513205758083e-12,4.4244331532118716e-11,1502.842135049992,0.0,17359.110070156854,0.0,929.1525023684999,6.941784488278331e-12,19791.1047075754
t148,0.0,0.0,0.0,0.0,6.427753628235907e-12,4.4244338948209806e-11,1398.2529107339922,0.0,17559.66351488149,0.0,929.1525023684999,6.967939706419076e-12,19887.068927984037
t149,0.0,0.0,0.0,0.0,7.865847714910472e-12,4.4244344817830493e-11,1823.8132264559922,0.0,17656.848143007195,0.0,929.1525023684999,6.931914242605355e-12,20409.813871831746
t150,0.0,0.0,0.0,0.0,1.3803902089509198e-11,4.424434973623318e-11,2466.741725801992,0.0,18525.151492286277,0.0,929.1525023684999,6.933027582056099e-12,21921.045720456834
t151,0.0,4.428055432330484,0.0,0.0,1.707319655247955e-11,4.424435803667961e-11,2956.446781949992,0.0,19848.09182404627,0.0,929.1525023684999,7.213132318417792e-12,23738.11916379716
t152,0.0,13.751680351719704,0.0,0.0,1.384386002381438e-11,4.424436178014172e-11,3433.616790089992,0.0,21322.542887313455,0.0,929.1525023684999,7.1811584951270285e-12,25699.06386012373
t153,0.0,21.70611279589715,0.0,0.0,9.433987400288616e-12,4.424436517510271e-11,3798.778220519992,0.0,23211.252597227252,0.0,929.1525023684999,7.140168518620615e-12,27960.889432911703
t154,0.0,38.64810953599002,0.0,0.0,1.1208136046844701e-11,4.424436835422912e-11,3829.0256771159916,0.0,25399.6348437425,0.0,929.1525023684999,7.129355497186292e-12,30196.461132763045
t155,0.0,44.60785953667526,0.0,0.0,1.2523705126703531e-11,4.424437120687727e-11,3926.589851081992,0.0,26537.689822261447,0.0,929.1525023684999,7.099488871441207e-12,31438.04003524868
t156,0.0,43.805561813885205,0.0,0.0,1.3786805993467021e-11,4.424437719090034e-11,4124.008425779992,0.0,28650.5378053052,0.0,929.1525023684999,7.335671809907207e-12,33747.504295267645
t157,0.0,45.67326143302567,0.0,0.0,1.1341158302257579e-11,4.4244380024754946e-11,3780.058589261992,0.0,29838.25482634039,0.0,929.1525023684999,7.326156423731017e-12,34593.139179403974
t158,0.0,36.63796385407393,0.0,0.0,1.1335231757316812e-11,4.424438186546342e-11,3967.293550841992,0.0,29062.449857321615,0.0,929.1525023684999,7.287713979122782e-12,33995.533874386245
t159,0.0,35.52448466670894,0.0,0.0,1.0459673570296359e-11,4.4244383687854805e-11,3844.8195077219916,0.0,28386.02695698121,0.0,929.1525023684999,7.2498345492016e-12,33195.523451738474
t160,0.0,20.996954884052066,0.0,0.0,9.270460614250563e-12,4.424438523167823e-11,4210.534195613992,0.0,27126.651849145823,0.0,929.1525023684999,7.2069185964456745e-12,32287.335502012425
t161,0.0,10.201775607509477,0.0,0.0,9.8213608434973e-12,4.4244389360275634e-11,4096.455958007992,0.0,27266.45983289815,0.0,929.1525023684999,7.446949029529237e-12,32302.27006888221
t162,0.0,5.6461181925843515,0.0,0.0,7.081942216472119e-12,4.424439054013959e-11,4086.7627115099917,0.0,24213.104104378297,0.0,929.1525023684999,7.426174982440057e-12,29234.66543644943
t163,0.0,0.0,0.0,0.0,8.322862887523892e-12,4.4244392278674715e-11,4610.715312509992,0.0,25689.680620027626,0.0,929.1525023684999,7.352855106442822e-12,31229.548434906177
t164,0.0,0.0,0.0,0.0,8.750064928374199e-12,4.4244393745259323e-11,5373.394967519992,0.0,25627.568044509993,0.0,929.1525023684999,7.326767757253727e-12,31930.115514398545
t165,0.0,0.0,0.0,0.0,1.245073735634677e-11,4.4244395223331816e-11,5656.608935141991,0.0,25729.391647718614,0.0,929.1525023684999,7.296112411816722e-12,32315.15308522917
t166,0.0,0.0,0.0,0.0,1.1904040569830389e-11,4.4244398246604163e-11,5720.776014689992,0.0,23703.96204485427,0.0,929.1525023684999,7.562125665260605e-12,30353.890561912824
t167,0.0,0.0,0.0,0.0,1.4742464794964273e-11,4.4244399364370016e-11,5621.493886727992,0.0,21462.65107411959,0.0,929.1525023684999,7.479428451391958e-12,28013.297463216146
t168,0.0,0.0,0.0,0.0,1.4382455284628282e-11,4.424440047101856e-11,5466.320839319992,0.0,19322.789239378682,0.0,929.1525023684999,7.440836829736568e-12,25718.26258106724
t169,0.0,0.0,0.0,0.0,1.2393073342276641e-11,4.4244401448229885e-11,5564.360497067993,0.0,16216.419581555563,0.0,929.1525023684999,7.375006195349614e-12,22709.932580992117
t170,0.0,0.0,0.0,0.0,1.7801143937830728e-11,4.424440247705728e-11,5690.043281249991,0.0,14537.147109571019,0.0,929.1525023684999,7.34195784332026e-12,21156.34289318958
t171,0.0,0.0,0.0,0.0,1.9261578427088976e-11,4.4244405339499245e-11,5848.561899071992,0.0,14276.378920331532,0.0,929.1525023684999,7.547976457934177e-12,21054.093321772092
t172,0.0,0.0,0.0,0.0,2.2339032034426075e-11,4.424440633354535e-11,5818.165031387992,0.0,14544.779817832758,0.0,929.1525023684999,7.523108920164503e-12,21292.097351589324
t173,0.0,0.0,0.0,0.0,1.7660126463373656e-11,4.4244407256440684e-11,5594.5799420579915,0.0,15374.121850247353,0.0,929.1525023684999,7.44974841429966e-12,21897.854294673914
t174,0.0,0.0,0.0,0.0,1.7462351026203974e-11,4.424440816578349e-11,5568.829635533992,0.0,16866.89304577649,0.0,929.1525023684999,7.442650131082634e-12,23364.87518367905
t175,0.0,4.932878121266184,0.0,0.0,1.8541152470057443e-11,4.424440897565287e-11,5846.684128487992,0.0,17874.903613447783,0.0,929.1525023684999,7.336174577165659e-12,24655.67312242561
t176,0.0,18.254670864615097,0.0,0.0,1.9395263971357952e-11,4.424441139319078e-11,5889.780314321992,0.0,18834.888325287866,0.0,929.1525023684999,7.543878726808226e-12,25672.075812843043
t177,0.0,26.184022909431945,0.0,0.0,2.1804278035628962e-11,4.424441214599131e-11,5938.916494523992,0.0,20044.58026094838,0.0,929.1525023684999,7.551991661872452e-12,26938.833280750376
t178,0.0,33.47843070725046,0.0,0.0,1.960759346947871e-11,4.424441288148061e-11,5932.523872625991,0.0,22086.283004940597,0.0,929.1525023684999,7.509444060915103e-12,28981.43781064241
t179,0.0,38.99132724698107,0.0,0.0,2.096066899168853e-11,4.42444135143201e-11,5897.888886413992,0.0,23348.2007652689,0.0,929.1525023684999,7.424523953627854e-12,30214.233481298445
t180,0.0,47.88102908331177,0.0,0.0,2.2723029863153053e-11,4.424441419496401e-11,5771.432254115992,0.0,24915.951250807746,0.0,929.1525023684999,7.371372913233594e-12,31664.417036375624
t181,0.0,52.53513247095838,0.0,0.0,2.4597891085141444e-11,4.424441627257701e-11,5273.387796209992,0.0,25768.039201158204,0.0,929.1525023684999,7.568998661920275e-12,32023.11463220773
t182,0.0,42.445523393944214,0.0,0.0,2.235570957534453e-11,4.424441663759527e-11,4628.293020413991,0.0,25184.43806131805,0.0,929.1525023684999,7.507798375676422e-12,30784.32910749456
t183,0.0,43.848998411932115,0.0,0.0,1.9350848544842274e-11,4.42444171888549e-11,3518.303182661992,0.0,26159.036881047847,0.0,929.1525023684999,7.48928338454228e-12,30650.34156449034
t184,0.0,23.927777264783806,0.0,0.0,1.7439909955580924e-11,4.4244417596754206e-11,2769.9271420079917,0.0,26709.16714837498,0.0,929.1525023684999,7.429006467800417e-12,30432.174570016326
t185,0.0,11.649574515283293,0.0,0.0,1.4979818546667144e-11,4.424441821365889e-11,2252.4746190179917,0.0,27811.6221304078,0.0,929.1525023684999,7.408559510239464e-12,31004.89882630964
t186,0.0,4.139398772308323,0.0,0.0,1.0465808971499358e-11,4.424441946896172e-11,1875.746595329992,0.0,26288.42907496142,0.0,929.1525023684999,7.589073941384268e-12,29097.46757143228
t187,0.0,0.0,0.0,0.0,1.0119942975554886e-11,4.424442043754389e-11,1600.0432819319922,0.0,28944.315780724897,0.0,929.1525023684999,7.561643557387199e-12,31473.51156502545
t188,0.0,0.0,0.0,0.0,4.9830503315549355e-12,4.4244421433019364e-11,1152.657198065992,0.0,30719.81370238195,0.0,929.1525023684999,7.485339479655279e-12,32801.6234028165
t189,0.0,0.0,0.0,0.0,5.349763190192797e-12,4.4244421569762245e-11,1294.011955529992,0.0,30704.259142637926,0.0,929.1525023684999,7.42396111808827e-12,32927.42360053647
t190,0.0,0.0,0.0,0.0,9.376921547928881e-12,4.4244420326635516e-11,1572.023910455992,0.0,27504.383150147085,0.0,929.1525023684999,7.376584523363659e-12,30005.559562971637
t191,0.0,0.0,0.0,0.0,8.990753876105297e-12,4.4244420948093e-11,2155.5561211919917,0.0,24116.94694764797,0.0,929.1525023684999,7.609402667201236e-12,27201.65557120852
t192,0.0,0.0,0.0,0.0,1.1138361942654513e-11,4.424442076926317e-11,2365.6774329899918,0.0,20906.64425165228,0.0,929.1525023684999,7.539269244898264e-12,24201.474187010834
t193,0.0,0.0,0.0,0.0,1.03315897742787e-11,4.4244420552528615e-11,2293.567169339992,0.0,17461.74349195243,0.0,929.1525023684999,7.47104387373505e-12,20684.463163660985
t194,0.0,0.0,0.0,0.0,1.2652813342658216e-11,4.424442048100727e-11,2721.0002312759916,0.0,16471.122362228067,0.0,929.1525023684999,7.433386912822005e-12,20121.27509587262
t195,0.0,0.0,0.0,0.0,1.1620299157304891e-11,4.424442035278766e-11,3170.9619499079918,0.0,15722.794493041569,0.0,929.1525023684999,7.383434386653567e-12,19822.908945318122
t196,0.0,0.0,0.0,0.0,1.2258712524720624e-11,4.424442150178785e-11,2718.7671158399917,0.0,16952.17220471699,0.0,929.1525023684999,7.602023629911055e-12,20600.091822925544
t197,0.0,0.0,0.0,0.0,1.9890577591734494e-11,4.424442140734368e-11,2270.3010421559916,0.0,18289.120854445922,0.0,929.1525023684999,7.51180369342995e-12,21488.574398970482
t198,0.0,0.016695847932740045,0.0,0.0,1.811056050300529e-11,4.4244421278065274e-11,2489.7315780419917,0.0,20386.968446144794,0.0,929.1525023684999,7.492161791253049e-12,23805.869222403286
t199,0.0,5.518365677268443,0.0,0.0,1.9728235355557785e-11,4.424442116466874e-11,2718.172313675992,0.0,23772.860228177582,0.0,929.1525023684999,7.416709964508975e-12,27425.70340989941
t200,0.0,19.908321362284433,0.0,0.0,1.6554722846127736e-11,4.424442185230067e-11,2893.3459450679916,0.0,28748.09325879815,0.0,929.1525023684999,7.355257059410396e-12,32590.500027596994
t201,0.0,44.93519665280729,0.0,0.0,1.1388149075089372e-11,4.4244423550284094e-11,2815.467240869992,0.0,30466.92153689995,0.0,929.1525023684999,7.572310307732651e-12,34256.476476791315
t202,0.0,74.25345843909463,0.0,0.0,1.2479130633607522e-11,4.4244423671356866e-11,2564.6516893979915,0.0,30911.473171292888,0.0,929.1525023684999,7.543750919449418e-12,34479.53082149854
t203,0.0,89.03357924186243,0.0,0.0,1.1882890710991117e-11,4.4244423756642496e-11,2237.393921921992,0.0,31184.726448166413,0.0,929.1525023684999,7.447120357176177e-12,34440.30645169883
t204,0.0,88.79879889132775,0.0,0.0,9.700618925381489e-12,4.424443311429192e-11,1715.994753323992,0.0,32311.902009391564,0.0,929.1525023684999,7.386242059800197e-12,35045.84806397545
t205,0.0,81.98077993674286,0.0,0.0,1.458799903298433e-11,4.424442303692919e-11,1450.924980917992,0.0,31324.41133360981,0.0,929.1525023684999,7.322631825894767e-12,33786.469596833114
t206,0.0,61.62164177103291,0.0,0.0,1.1815931273607437e-11,4.424442183615411e-11,1202.256779777992,0.0,29614.5619354465,0.0,929.1525023684999,7.547130213627536e-12,31807.59285936409
t207,0.0,52.24414681045669,0.0,0.0,9.685104281727027e-12,4.424442131464651e-11,951.9487075139918,0.0,29699.854914974152,0.0,929.1525023684999,7.488397535092608e-12,31633.20027166716
t208,0.0,28.484295588459563,0.0,0.0,1.003823264105687e-11,4.424442331936174e-11,695.8116346919919,0.0,31358.33450399585,0.0,929.1525023684999,7.427037932062832e-12,33011.782936644864
t209,0.0,15.72942996815023,0.0,0.0,7.351578078874255e-12,705.2542713316064,616.2213268259932,0.0,32826.64246950537,0.0,929.1525023684999,9.122932569169308e-12,35092.999999999636
t210,0.0,5.29722018657676,0.0,0.0,5.1748433611007114e-12,1447.8959374604665,576.0118704779932,0.0,32826.642469505205,0.0,929.1525023684999,8.78340002728775e-12,35784.999999998756
t211,0.0,0.0,0.0,0.0,5.895192839143625e-12,4.424442792446811e-11,585.2725633139919,0.0,32059.756449316523,0.0,929.1525023684999,7.56394984818748e-12,33574.18151499907
t212,0.0,0.0,0.0,0.0,7.372324359786673e-12,4.424442387162722e-11,601.9246217219919,0.0,28815.392024239693,0.0,929.1525023684999,7.473123933695058e-12,30346.46914833024
t213,0.0,0.0,0.0,0.0,4.760925823788528e-12,4.424442565050229e-11,648.9644742179919,0.0,29472.190107733193,0.0,929.1525023684999,7.403564697927552e-12,31050.307084319742
t214,0.0,0.0,0.0,0.0,6.069837312409407e-12,4.4244425258114274e-11,525.2681178239919,0.0,25866.10386555607,0.0,929.1525023684999,7.352740785092614e-12,27320.524485748618
t215,0.0,0.0,0.0,0.0,4.510752638287031e-12,4.424442596596912e-11,391.561842863992,0.0,23111.529845682893,0.0,929.1525023684999,7.300532416665079e-12,24432.24419091544
t216,0.0,0.0,0.0,0.0,3.770479390979533e-12,4.424442843199967e-11,354.273590909992,0.0,21131.303054630313,0.0,929.1525023684999,7.518908626993812e-12,22414.72914790886
t217,0.0,0.0,0.0,0.0,2.1849452510047425e-12,4.424442919342935e-11,376.764841319992,0.0,18854.724943233396,0.0,929.1525023684999,7.483038707129065e-12,20160.64228692194
t218,0.0,0.0,0.0,0.0,1.9480268427641927e-12,4.4244430078790535e-11,278.147226425992,0.0,18415.063608871937,0.0,929.1525023684999,7.447733325551885e-12,19622.36333766648
t219,0.0,0.0,0.0,0.0,2.0381054377558305e-12,4.424443094906395e-11,221.96290160999195,0.0,18224.740817074,0.0,929.1525023684999,7.381961803887018e-12,19375.85622105254
t220,0.0,0.0,0.0,0.0,2.662710387668063e-12,4.424443184697181e-11,308.477629721992,0.0,18832.464237894586,0.0,929.1525023684999,7.341482620236528e-12,20070.09436998513
t221,0.0,0.0,0.0,0.0,4.054734654255773e-12,4.4244434429945846e-11,428.51125011599197,0.0,19514.571888150153,0.0,929.1525023684999,7.571650316150823e-12,20872.2356406347
t222,0.0,0.0010759020022254066,0.0,0.0,7.460872067491455e-12,4.4244435343841456e-11,436.61669461199205,0.0,21818.356245405754,0.0,929.1525023684999,7.542697807819785e-12,23184.126518288307
t223,0.0,6.419212378709567,0.0,0.0,3.761497502661968e-12,4.4244436303476846e-11,437.528668307992,0.0,25603.41976749199,0.0,929.1525023684999,7.44753273376365e-12,26976.520150547243
t224,0.0,19.98818369998123,0.0,0.0,7.443385516683285e-12,4.4244439202605927e-11,506.79223688999195,0.0,30737.438992318333,0.0,929.1525023684999,7.44099341568827e-12,32193.371915276864
t225,0.0,42.840917114964896,0.0,0.0,4.93382538972106e-12,4.424444849169862e-11,564.0840220439919,0.0,32156.15327106723,0.0,929.1525023684999,7.34392106340994e-12,33692.23071259474
t226,0.0,60.432457625027304,0.0,0.0,1.7670176307169592e-12,4.424444960851156e-11,496.101649973992,0.0,32120.8356818499,0.0,929.1525023684999,7.615384815540417e-12,33606.52229181748
t227,0.0,85.42356787331245,0.0,0.0,2.9409249208204906e-12,4.4244445021563456e-11,408.688885589992,0.0,31842.405496199513,0.0,929.1525023684999,7.536746196487426e-12,33265.67045203137
t228,0.0,89.07137343535683,0.0,0.0,2.77999751666759e-12,4.42444480141838e-11,400.183976921992,0.0,32325.908692513465,0.0,929.1525023684999,7.46737942464469e-12,33744.31654523937
t229,0.0,89.62034141434307,0.0,0.0,2.8524853364545267e-12,4.42444440437698e-11,609.477397409992,0.0,30749.565577276528,0.0,929.1525023684999,7.412722584200118e-12,32377.815818469415
t230,0.0,89.84268012717928,0.0,0.0,3.3343816411340883e-12,4.424444323644152e-11,559.5464332259919,0.0,28799.333504473136,0.0,929.1525023684999,7.383248550616024e-12,30377.87512019486
t231,0.0,84.4500659745265,0.0,0.0,3.67957582492696e-12,4.42444450763559e-11,545.2384663979919,0.0,28525.77026188227,0.0,929.1525023684999,7.601115374229701e-12,30084.61129662334
t232,0.0,55.79153665702451,0.0,0.0,4.718672135342794e-12,4.4244446353416886e-11,540.7245961739919,0.0,29991.97161822668,0.0,929.1525023684999,7.550515710866154e-12,31517.64025342625
t233,0.0,27.022731402802556,0.0,0.0,3.069923513016753e-12,4.424445614104141e-11,484.326054815992,0.0,32173.992128139475,0.0,929.1525023684999,7.468210415092326e-12,33614.49341672682
t234,0.0,6.864546759534809,0.0,0.0,4.070833446532543e-12,583.3757771026919,414.96470426399316,0.0,32826.64246950605,0.0,929.1525023684999,8.705389758874373e-12,34761.000000000786
t235,0.0,0.0,0.0,0.0,3.3412845387086145e-12,4.424444874294977e-11,368.987312777992,0.0,31098.73948715206,0.0,929.1525023684999,7.370780660173578e-12,32396.879302298606
t236,0.0,0.0,0.0,0.0,5.1945136807565364e-12,4.424445007347971e-11,281.179079933992,0.0,27802.859682437134,0.0,929.1525023684999,7.553249685356875e-12,29013.191264739682
t237,0.0,0.0,0.0,0.0,6.207883371338977e-12,4.424445175256371e-11,207.26729125799196,0.0,28738.27602198096,0.0,929.1525023684999,7.505302924273985e-12,29874.69581560751
t238,0.0,0.0,0.0,0.0,4.4402049547350436e-12,4.4244451713441376e-11,176.50676026799195,0.0,25246.57564871621,0.0,929.1525023684999,7.466830755982612e-12,26352.234911352756
t239,0.0,0.0,0.0,0.0,8.773287402243563e-12,4.42444522221376e-11,188.71440367799195,0.0,22242.588885125948,0.0,929.1525023684999,7.409146749089426e-12,23360.4557911725
t240,0.0,0.0,0.0,0.0,1.0195421936549439e-11,4.424445286270627e-11,218.90351812199194,0.0,20143.04353320859,0.0,929.1525023684999,7.383441823549904e-12,21291.099553699143
t241,0.0,0.0,0.0,0.0,1.2589051637437484e-11,4.424445520274066e-11,249.45385801199194,0.0,18642.848392308755,0.0,929.1525023684999,7.586730138102026e-12,19821.45475268931
t242,0.0,0.0,0.0,0.0,1.5730993105200008e-11,4.424445594998254e-11,265.091249357992,0.0,18181.10878818123,0.0,929.1525023684999,7.518621795287206e-12,19375.352539907788
t243,0.0,0.0,0.0,0.0,1.4767411663431036e-11,4.424445664947294e-11,303.947871785992,0.0,17913.802848308394,0.0,929.1525023684999,7.438191570657712e-12,19146.90322246295
t244,0.0,0.0,0.0,0.0,9.810493668017346e-12,4.424445734335174e-11,456.359031923992,0.0,18420.359685331216,0.0,929.1525023684999,7.39915645151116e-12,19805.87121962377
t245,0.0,0.0,0.0,0.0,1.4124643646482152e-11,4.424445798847321e-11,694.005358811992,0.0,18926.906772976825,0.0,929.1525023684999,7.351979334236768e-12,20550.06463415738
t246,0.0,0.3428432970728504,0.0,0.0,1.4066983821876685e-11,4.424446023009296e-11,986.3359595819919,0.0,20854.218671008108,0.0,929.1525023684999,7.592851581049087e-12,22770.049976255737
t247,0.0,5.708514055806216,0.0,0.0,1.2829084694218835e-11,4.424446095727075e-11,1218.715688321992,0.0,24124.014722118725,0.0,929.1525023684999,7.553480742498238e-12,26277.59142686509
t248,0.0,20.219172571710306,0.0,0.0,1.1772192588803058e-11,4.4244462360539644e-11,1321.586589989992,0.0,28759.81349549357,0.0,929.1525023684999,7.515386313883354e-12,31030.771760423835
t249,0.0,45.0461522789471,0.0,0.0,6.372966098396306e-12,4.4244463206937317e-11,1296.976387343992,0.0,29738.144811736474,0.0,929.1525023684999,7.43675392465181e-12,32009.31985372797
t250,0.0,75.01009123036825,0.0,0.0,5.1802885738583465e-12,4.42444637665614e-11,940.3864607819919,0.0,29973.962437058875,0.0,929.1525023684999,7.350019245442605e-12,31918.511491439793
t251,0.0,91.95287047869928,0.0,0.0,7.459089290962878e-12,4.424446594031264e-11,638.0955013559919,0.0,30241.621788709912,0.0,929.1525023684999,7.572229054178127e-12,31900.82266291316
t252,0.0,91.95287047869708,0.0,0.0,5.71885310799622e-12,4.4244467019009096e-11,435.476412353992,0.0,30792.933064859903,0.0,929.1525023684999,7.556941321399046e-12,32249.514850061147
t253,0.0,91.95287047869797,0.0,0.0,5.875159380138076e-12,4.424446610548406e-11,347.571337007992,0.0,29361.387395659603,0.0,929.1525023684999,7.491466199948474e-12,30730.064105514848
t254,0.0,91.95287047869945,0.0,0.0,7.808366423184771e-12,4.4244465784352696e-11,235.29992231399197,0.0,27239.185101178988,0.0,929.1525023684999,7.397239409897524e-12,28495.590396340238
t255,0.0,86.26434939602856,0.0,0.0,4.009372871491069e-12,4.424446613110681e-11,107.53656732599197,0.0,27455.45479545536,0.0,929.1525023684999,7.35931272459055e-12,28578.408214545936
t256,0.0,56.15627325093609,0.0,0.0,4.514798246479566e-12,4.424446829638772e-11,98.86449281399197,0.0,29276.550043304283,0.0,929.1525023684999,7.541863562833338e-12,30360.723311737765
t257,0.0,26.525011257830425,0.0,0.0,5.992933710732973e-12,4.4244470014382295e-11,195.29449700999194,0.0,31510.78159991153,0.0,929.1525023684999,7.541995714452079e-12,32661.75361054791
t258,0.0,7.033098790206766,0.0,0.0,9.083565192733282e-12,27.883736621319663,348.28819271399317,0.0,32826.64246950484,0.0,929.1525023684999,8.798242513399694e-12,34138.99999999888
t259,0.0,0.0,0.0,0.0,9.791782608753834e-12,4.424446954570838e-11,471.791369513992,0.0,30144.10250150294,0.0,929.1525023684999,7.370363521990392e-12,31545.046373385492
t260,0.0,0.0,0.0,0.0,1.261909738284441e-11,4.4244468438477497e-11,671.0190563339919,0.0,26388.655623487983,0.0,929.1525023684999,7.343956889303718e-12,27988.827182190536
t261,0.0,0.0,0.0,0.0,1.3058922185601535e-11,4.424447009553864e-11,1075.9847529419922,0.0,26527.89553036704,0.0,929.1525023684999,7.563874491199879e-12,28533.032785677595
t262,0.0,0.0,0.0,0.0,2.3463717467305175e-11,4.424446982618216e-11,1753.810034933992,0.0,22477.735401584607,0.0,929.1525023684999,7.501866662537657e-12,25160.697938887173
t263,0.0,0.0,0.0,0.0,2.8120059491402583e-11,4.424446978668925e-11,2354.4691694759917,0.0,19111.83195146589,0.0,929.1525023684999,7.483730624798808e-12,22395.453623310463
t264,0.0,0.0,0.0,0.0,2.260153235973897e-11,4.424446985736356e-11,2962.1208000179918,0.0,16652.517028844708,0.0,929.1525023684999,7.404488060295936e-12,20543.790331231274
t265,0.0,0.0,0.0,0.0,1.6700287328123907e-11,4.4244469930367215e-11,3395.488861853992,0.0,14655.324670037,0.0,929.1525023684999,7.361008361572357e-12,18979.96603425956
t266,0.0,0.0,0.0,0.0,1.8661950521774588e-11,4.4244471324742265e-11,3913.3963668179917,0.0,13640.537193444852,0.0,929.1525023684999,7.649328390749259e-12,18483.086062631413
t267,0.0,0.0,0.0,0.0,2.300591418565765e-11,4.424447140838677e-11,4541.047409981992,0.0,12781.189567890688,0.0,929.1525023684999,7.564377152314515e-12,18251.389480241254
t268,0.0,0.0,0.0,0.0,1.8876054779468835e-11,4.424447147636116e-11,4874.656700603991,0.0,13010.670312160612,0.0,929.1525023684999,7.49468209208753e-12,18814.47951513317
t269,0.0,0.0,0.0,0.0,1.9412342072939554e-11,4.4244471499919266e-11,5159.548516451991,0.0,13524.46342395941,0.0,929.1525023684999,7.435542630320727e-12,19613.164442779973
t270,0.0,0.23782403063633925,0.0,0.0,2.0645041885600555e-11,4.424447154645314e-11,5457.477960011992,0.0,15370.815721164558,0.0,929.1525023684999,7.364291582163398e-12,21757.684007575757
t271,0.0,5.878421442385242,0.0,0.0,1.9937877834062206e-11,4.4244472811549785e-11,5519.490518351991,0.0,18795.45737743105,0.0,929.1525023684999,7.601665248987287e-12,25249.978819593995
t272,0.0,20.741507016562853,0.0,0.0,2.2773062135845584e-11,4.4244473047924917e-11,5533.5190707479915,0.0,23520.551181471055,0.0,929.1525023684999,7.567552049475057e-12,30003.964261604182
t273,0.0,38.594445132426536,0.0,0.0,1.0236986790624619e-11,4.4244473009755494e-11,5544.802093319991,0.0,24720.337802368595,0.0,929.1525023684999,7.482105656172837e-12,31232.88684318957
t274,0.0,48.54650134917216,0.0,0.0,1.138487513350604e-11,4.424447282065539e-11,5640.914224355992,0.0,24530.61908952657,0.0,929.1525023684999,7.443292257521994e-12,31149.232317600297
t275,0.0,55.71864448055916,0.0,0.0,1.2352341185036673e-11,4.424447262975534e-11,5700.536318261991,0.0,24338.400230607233,0.0,929.1525023684999,7.376570605328551e-12,31023.807695718348
t276,0.0,53.60863254166719,0.0,0.0,1.4703110004167294e-11,4.4244473723221934e-11,5610.400470203992,0.0,25225.59555776341,0.0,929.1525023684999,7.666739139731946e-12,31818.75716287763
t277,0.0,25.4839045394612,0.0,0.0,1.695024835810367e-11,4.4244473437348314e-11,5642.107604393992,0.0,24669.9782067474,0.0,929.1525023684999,7.57765503340495e-12,31266.72221804942
t278,0.0,32.274403697297586,0.0,0.0,1.9252391727389287e-11,4.424447304273684e-11,5702.680594511991,0.0,23068.094761377528,0.0,929.1525023684999,7.512490496092717e-12,29732.202261955386
t279,0.0,19.873692004824473,0.0,0.0,2.697366212471404e-11,4.424447278545058e-11,5816.572097987992,0.0,23309.33880718066,0.0,929.1525023684999,7.450495112395898e-12,30074.93709954205
t280,0.0,15.349433153851926,0.0,0.0,2.3809979579755912e-11,4.4244472601485614e-11,5918.780532011991,0.0,25006.92302769537,0.0,929.1525023684999,7.391083741459263e-12,31870.205495229788
t281,0.0,8.486285908979875,0.0,0.0,2.5715889213071943e-11,4.424447371771622e-11,5905.461492011991,0.0,27478.928444965568,0.0,929.1525023684999,7.640100363994436e-12,34322.02872525512
t282,0.0,1.8980676560407483,0.0,0.0,1.6880717587394515e-11,4.424447375350336e-11,5706.669373475992,0.0,28879.465960632726,0.0,929.1525023684999,7.590832904838847e-12,35517.18590413333
t283,0.0,0.0,0.0,0.0,1.8313362863558854e-11,4.424447283637844e-11,5727.306952439992,0.0,26720.945661162066,0.0,929.1525023684999,7.501029398619907e-12,33377.40511597063
t284,0.0,0.0,0.0,0.0,1.2348158520209801e-11,4.4244471959805217e-11,5628.5529719819915,0.0,23697.125421293033,0.0,929.1525023684999,7.438132876330195e-12,30254.830895643587
t285,0.0,0.0,0.0,0.0,7.873849083903553e-12,4.4244471659743795e-11,5530.714842011991,0.0,24291.734230554102,0.0,929.1525023684999,7.383698074587787e-12,30751.60157493465
t286,0.0,0.0,0.0,0.0,1.4439342513541899e-11,4.424447183470904e-11,5530.714842011991,0.0,20417.292784180776,0.0,929.1525023684999,7.653472747809642e-12,26877.160128561332
t287,0.0,0.0,0.0,0.0,1.3224586176664148e-11,4.424447119583444e-11,5494.059404999992,0.0,17373.566535581645,0.0,929.1525023684999,7.578502405972712e-12,23796.778442950203
t288,0.0,0.0,0.0,0.0,1.1536935937933726e-11,4.4244470598040935e-11,5291.408962739992,0.0,15603.7822544323,0.0,929.1525023684999,7.510065448639487e-12,21824.343719540855
t289,0.0,0.0,0.0,0.0,1.2357684261019664e-11,4.4244469919408726e-11,5077.269243059992,0.0,13816.533186127212,0.0,929.1525023684999,7.437073005840864e-12,19822.954931555767
t290,0.0,0.0,0.0,0.0,1.738347817083027e-11,4.4244469319021185e-11,4679.982282203991,0.0,13426.165995624373,0.0,929.1525023684999,7.386834645294176e-12,19035.300780196932
t291,0.0,0.0,0.0,0.0,3.06790600145167e-11,4.42444697015095e-11,4726.198982351992,0.0,12910.966597722281,0.0,929.1525023684999,7.608584093806621e-12,18566.318082442853
t292,0.0,0.0,0.0,0.0,3.350474767025139e-11,4.424446899566636e-11,5682.328280843992,0.0,12420.375712988918,0.0,929.1525023684999,7.549376401219811e-12,19031.856496201493
t293,0.0,0.0,0.0,0.0,3.376972295050317e-11,4.4244468260759397e-11,5918.685051143992,0.0,12846.812247391485,0.0,929.1525023684999,7.492694126433221e-12,19694.649800904062
t294,0.0,0.30433582730044684,0.0,0.0,3.4166399637561495e-11,4.4244467535381556e-11,5945.999999999992,0.0,14738.639711932117,0.0,929.1525023684999,7.416469082116296e-12,21614.096550127993
t295,0.0,4.465293805472853,0.0,0.0,3.395774199687978e-11,4.424446682742083e-11,5945.999999999992,0.0,18254.604103920254,0.0,929.1525023684999,7.380719763252566e-12,25134.221900094304
t296,0.0,17.68675877664294,0.0,0.0,2.986269321897369e-11,4.424446723706714e-11,5935.941348017992,0.0,23137.551846960225,0.0,929.1525023684999,7.622741621061235e-12,30020.33245612344
t297,0.0,37.22468822964812,0.0,0.0,2.8481004199407163e-11,4.4244466498083833e-11,5938.369301981991,0.0,25102.531105820595,0.0,929.1525023684999,7.53903169532877e-12,32007.277598400815
t298,0.0,67.07728535287698,0.0,0.0,2.6293453195271096e-11,4.424446555914781e-11,5905.461492011991,0.0,25463.99646368121,0.0,929.1525023684999,7.484214453366707e-12,32365.687743414655
t299,0.0,86.6682483566129,0.0,0.0,2.40465693460686e-11,4.424446456245473e-11,5876.712480929991,0.0,25609.280709136554,0.0,929.1525023684999,7.458151255998614e-12,32501.813940791733
t300,0.0,90.61290586489456,0.0,0.0,2.399728069119729e-11,4.4244463688634366e-11,5817.835349471992,0.0,26600.271310439068,0.0,929.1525023684999,7.396261919648886e-12,33437.872068144534
t301,0.0,89.41335357832787,0.0,0.0,1.759610557965006e-11,4.4244463535162584e-11,5590.626262331992,0.0,26432.480720769,0.0,929.1525023684999,7.621262539182935e-12,33041.67283904789
t302,0.0,84.80177694982125,0.0,0.0,1.8275393729645714e-11,4.42444622405786e-11,5154.075479129991,0.0,25067.16328502035,0.0,929.1525023684999,7.545326936744348e-12,31235.19304346873
t303,0.0,68.85405571876727,0.0,0.0,1.2985917573440853e-11,4.42444610781847e-11,4669.877834129991,0.0,25245.498398278978,0.0,929.1525023684999,7.478058412564822e-12,30913.3827904963
t304,0.0,45.49688207463915,0.0,0.0,8.20664171764203e-12,4.4244459979953546e-11,4306.530046673992,0.0,26572.956568266127,0.0,929.1525023684999,7.442481674678861e-12,31854.135999383318
t305,0.0,19.849124109066672,0.0,0.0,6.758465413393615e-12,4.424445909522763e-11,4390.2323465159925,0.0,28144.571237461238,0.0,929.1525023684999,7.409844099297621e-12,33483.805210454855
t306,0.0,6.760166111128748,0.0,0.0,8.322135101807246e-12,4.424445888161651e-11,4362.194310545991,0.0,29207.96074214173,0.0,929.1525023684999,7.619565051076796e-12,34506.06772116741
t307,0.0,0.0,0.0,0.0,7.468077438701722e-12,4.424445703677875e-11,3573.5359453139918,0.0,27912.272146667077,0.0,929.1525023684999,7.511165623404903e-12,32414.960594349628
t308,0.0,0.0,0.0,0.0,9.602465456976103e-12,4.424445489950287e-11,2701.0294486439916,0.0,25617.974732806546,0.0,929.1525023684999,7.494473474953287e-12,29248.156683819096
t309,0.0,0.0,0.0,0.0,1.03951781873978e-11,4.424445343254768e-11,2568.241824737992,0.0,26126.27557596711,0.0,929.1525023684999,7.435657904133014e-12,29623.66990307366
t310,0.0,0.0,0.0,0.0,1.417459463836952e-11,4.4244451173299054e-11,2396.067415205992,0.0,22449.4119876768,0.0,929.1525023684999,7.327579160898255e-12,25774.631905251357
t311,0.0,0.0,0.0,0.0,8.517413746615456e-12,4.424445003769257e-11,2514.8733174119916,0.0,19365.556000403394,0.0,929.1525023684999,7.574486847167336e-12,22809.581820183947
t312,0.0,0.0,0.0,0.0,8.336493374163058e-12,4.4244448150185525e-11,2695.3776686159918,0.0,17571.026081538464,0.0,929.1525023684999,7.530752020637736e-12,21195.556252523016
t313,0.0,0.0,0.0,0.0,9.702457494832101e-12,4.4244446251349416e-11,2389.433486789992,0.0,17129.54660225898,0.0,929.1525023684999,7.442864931517687e-12,20448.132591417532
t314,0.0,0.0,0.0,0.0,1.1063549391435423e-11,4.4244444189459464e-11,2477.556566279992,0.0,15571.47461501262,0.0,929.1525023684999,7.35681236979379e-12,18978.183683661173
t315,0.0,0.0,0.0,0.0,9.545022349839772e-12,4.4244442160868495e-11,2805.745958981992,0.0,15091.042483584279,0.0,929.1525023684999,7.308761126415997e-12,18825.94094493483
t316,0.0,0.0,0.0,0.0,9.000897075875742e-12,4.4244440915253606e-11,2941.570948337992,0.0,15017.926725515083,0.0,929.1525023684999,7.522082663793872e-12,18888.650176221632
t317,0.0,0.0,0.0,0.0,1.2364950743711547e-11,4.424443868824517e-11,3149.7181821899917,0.0,15160.556127653861,0.0,929.1525023684999,7.418507732806035e-12,19239.426812212416
t318,0.0,0.009140489523959794,0.0,0.0,1.515000170145623e-11,4.424443635938102e-11,3366.6901897799917,0.0,16386.104485900654,0.0,929.1525023684999,7.382674290984262e-12,20681.956318538734
t319,0.0,3.7214492794678793,0.0,0.0,1.2586630127815882e-11,4.4244433887315364e-11,3661.1192469239913,0.0,17871.53561390153,0.0,929.1525023684999,7.323309403164364e-12,22465.528812473553
t320,0.0,12.595212235112355,0.0,0.0,1.2939438385202561e-11,4.42444312842243e-11,4524.334256423992,0.0,18724.379771177817,0.0,929.1525023684999,7.262015311264151e-12,24190.461742205483
t321,0.0,23.837811926210026,0.0,0.0,1.2207251502753344e-11,4.424442946088e-11,5100.305961671992,0.0,20326.31368244,0.0,929.1525023684999,7.468746821099608e-12,26379.609958406763
t322,0.0,22.209516697483355,0.0,0.0,1.501981262269028e-11,4.424442668144726e-11,5448.125924723992,0.0,22515.272102334176,0.0,929.1525023684999,7.355635221862204e-12,28914.76004612422
t323,0.0,26.034149473836095,0.0,0.0,2.0430839344661734e-11,4.4244423642610686e-11,5666.040444665992,0.0,23827.022426019594,0.0,929.1525023684999,7.332914320974542e-12,30448.249522527993
t324,0.0,22.796572263770475,0.0,0.0,2.7939902547561788e-11,4.4244420551311005e-11,5730.862160975992,0.0,25646.173012287512,0.0,929.1525023684999,7.264298026450828e-12,32328.984247895853
t325,0.0,16.15042052150963,0.0,0.0,3.0089193651729183e-11,4.4244417233165313e-11,5825.694249023992,0.0,26824.51221339268,0.0,929.1525023684999,7.155230406250581e-12,33595.50938530677
t326,0.0,20.705340709642698,0.0,0.0,2.929656414138135e-11,4.424441413122478e-11,5934.380523017992,0.0,26226.040588694937,0.0,929.1525023684999,7.329102278285712e-12,33110.27895479115
t327,0.0,25.148754129118167,0.0,0.0,2.7075069713972973e-11,4.4244410093048145e-11,5945.999999999992,0.0,26204.26973697389,0.0,929.1525023684999,7.257604655052259e-12,33104.57099347158
t328,0.0,20.54293507346376,0.0,0.0,1.992092826488638e-11,4.42444055610513e-11,5945.999999999992,0.0,25907.876324883302,0.0,929.1525023684999,7.192924616033053e-12,32803.57176232533
t329,0.0,8.652531299223018,0.0,0.0,2.1777502194065484e-11,4.424440086965344e-11,5945.999999999992,0.0,26729.191532288783,0.0,929.1525023684999,7.0944517716579126e-12,33612.99656595657
t330,0.0,7.649715373309324,0.0,0.0,2.0768658700521125e-11,4.4244395240325415e-11,5945.999999999992,0.0,25424.94452813747,0.0,929.1525023684999,7.0312360390198575e-12,32307.74674587934
t331,0.0,0.0,0.0,0.0,2.604256521788247e-11,4.424439017125674e-11,5945.999999999992,0.0,26673.17524942412,0.0,929.1525023684999,7.1701446781533416e-12,33548.32775179269
t332,0.0,0.0,0.0,0.0,2.6076860021285062e-11,4.4244383330142204e-11,5945.999999999992,0.0,27215.656759971327,0.0,929.1525023684999,7.090318298242982e-12,34090.8092623399
t333,0.0,0.0,0.0,0.0,1.8013059824760553e-11,4.424437490200556e-11,5945.999999999992,0.0,26656.916067460177,0.0,929.1525023684999,6.9896490123220354e-12,33532.06856982874
t334,0.0,0.0,0.0,0.0,1.6671906307218144e-11,4.424436395881634e-11,5934.576176147992,0.0,23749.648400723137,0.0,929.1525023684999,6.921947336444114e-12,30613.377079239697
t335,0.0,0.0,0.0,0.0,1.6019706305630504e-11,4.42443498999223e-11,5780.143340333992,0.0,20869.147232914765,0.0,929.1525023684999,6.793087232321548e-12,27578.443075617324
t336,0.0,0.0,0.0,0.0,1.0440469084205226e-11,4.424432734036442e-11,5761.298331719992,0.0,17937.377983401268,0.0,929.1525023684999,6.9433294067784544e-12,24627.828817489823
