Resource,natural_gas_combined_cycle,solar_pv,onshore_wind,battery,Total
Zone,1,1,1,1,0
AnnualSum,0.0,0.0,0.0,2.9406070098903418e7,2.9406070098903418e7
t1,0.0,0.0,0.0,9079.751588348143,9079.751588348143
t2,0.0,0.0,0.0,-0.0,0.0
t3,0.0,0.0,0.0,-0.0,0.0
t4,0.0,0.0,0.0,-0.0,0.0
t5,0.0,0.0,0.0,9079.751588348143,9079.751588348143
t6,0.0,0.0,0.0,9079.751588348143,9079.751588348143
t7,0.0,0.0,0.0,8131.236832775208,8131.236832775208
t8,0.0,0.0,0.0,-0.0,0.0
t9,0.0,0.0,0.0,1611.3496531912315,1611.3496531912315
t10,0.0,0.0,0.0,5170.709046104153,5170.709046104153
t11,0.0,0.0,0.0,7271.795114251701,7271.795114251701
t12,0.0,0.0,0.0,8328.769922736128,8328.769922736128
t13,0.0,0.0,0.0,7912.938478718859,7912.938478718859
t14,0.0,0.0,0.0,7518.998447205139,7518.998447205139
t15,0.0,0.0,0.0,6250.972034568339,6250.972034568339
t16,0.0,0.0,0.0,4917.543104607963,4917.543104607963
t17,0.0,0.0,0.0,1054.8314998385795,1054.8314998385795
t18,0.0,0.0,0.0,-0.0,0.0
t19,0.0,0.0,0.0,5248.166573678986,5248.166573678986
t20,0.0,0.0,0.0,-0.0,0.0
t21,0.0,0.0,0.0,-0.0,0.0
t22,0.0,0.0,0.0,9079.751588348143,9079.751588348143
t23,0.0,0.0,0.0,1510.6692417355641,1510.6692417355641
t24,0.0,0.0,0.0,9079.751588348143,9079.751588348143
t25,0.0,0.0,0.0,-0.0,0.0
t26,0.0,0.0,0.0,9079.751588348143,9079.751588348143
t27,0.0,0.0,0.0,6553.426619169492,6553.426619169492
t28,0.0,0.0,0.0,9079.751588348143,9079.751588348143
t29,0.0,0.0,0.0,9079.751588348143,9079.751588348143
t30,0.0,0.0,0.0,9079.751588348143,9079.751588348143
t31,0.0,0.0,0.0,-0.0,0.0
t32,0.0,0.0,0.0,0.0,0.0
t33,0.0,0.0,0.0,6123.155907670915,6123.155907670915
t34,0.0,0.0,0.0,9079.751588348143,9079.751588348143
t35,0.0,0.0,0.0,5371.549515283107,5371.549515283107
t36,0.0,0.0,0.0,6325.558592871666,6325.558592871666
t37,0.0,0.0,0.0,6426.782290275833,6426.782290275833
t38,0.0,0.0,0.0,6013.546942414039,6013.546942414039
t39,0.0,0.0,0.0,4917.543104607963,4917.543104607963
t40,0.0,0.0,0.0,2535.65996047075,2535.65996047075
t41,0.0,0.0,0.0,7299.426248745176,7299.426248745176
t42,0.0,0.0,0.0,-0.0,0.0
t43,0.0,0.0,0.0,-0.0,0.0
t44,0.0,0.0,0.0,-0.0,0.0
t45,0.0,0.0,0.0,7058.332694385349,7058.332694385349
t46,0.0,0.0,0.0,-0.0,0.0
t47,0.0,0.0,0.0,9079.751588348143,9079.751588348143
t48,0.0,0.0,0.0,-0.0,0.0
t49,0.0,0.0,0.0,9079.751588348143,9079.751588348143
t50,0.0,0.0,0.0,9079.751588348143,9079.751588348143
t51,0.0,0.0,0.0,2979.0419665472905,2979.0419665472905
t52,0.0,0.0,0.0,8676.229736606521,8676.229736606521
t53,0.0,0.0,0.0,8895.449608971785,8895.449608971785
t54,0.0,0.0,0.0,9079.751588348143,9079.751588348143
t55,0.0,0.0,0.0,4917.543104607963,4917.543104607963
t56,0.0,0.0,0.0,2707.393798780796,2707.393798780796
t57,0.0,0.0,0.0,2907.502757633628,2907.502757633628
t58,0.0,0.0,0.0,3504.2541108209607,3504.2541108209607
t59,0.0,0.0,0.0,5617.444215833601,5617.444215833601
t60,0.0,0.0,0.0,6419.515922891582,6419.515922891582
t61,0.0,0.0,0.0,6651.3431154330365,6651.3431154330365
t62,0.0,0.0,0.0,6289.2146041344495,6289.2146041344495
t63,0.0,0.0,0.0,5243.676311335649,5243.676311335649
t64,0.0,0.0,0.0,4917.543104607963,4917.543104607963
t65,0.0,0.0,0.0,0.0,0.0
t66,0.0,0.0,0.0,0.0,0.0
t67,0.0,0.0,0.0,1385.4549689096025,1385.4549689096025
t68,0.0,0.0,0.0,-0.0,0.0
t69,0.0,0.0,0.0,9079.751588348143,9079.751588348143
t70,0.0,0.0,0.0,1394.6498439702743,1394.6498439702743
t71,0.0,0.0,0.0,7899.3199604117035,7899.3199604117035
t72,0.0,0.0,0.0,9079.751588348143,9079.751588348143
t73,0.0,0.0,0.0,2807.1202674372953,2807.1202674372953
t74,0.0,0.0,0.0,-0.0,0.0
t75,0.0,0.0,0.0,9079.751588348143,9079.751588348143
t76,0.0,0.0,0.0,-0.0,0.0
t77,0.0,0.0,0.0,9079.751588348143,9079.751588348143
t78,0.0,0.0,0.0,4326.581170157523,4326.581170157523
t79,0.0,0.0,0.0,2485.8019597395655,2485.8019597395655
t80,0.0,0.0,0.0,6975.768809624575,6975.768809624575
t81,0.0,0.0,0.0,9079.751588348143,9079.751588348143
t82,0.0,0.0,0.0,8097.7679412530815,8097.7679412530815
t83,0.0,0.0,0.0,5413.010955285791,5413.010955285791
t84,0.0,0.0,0.0,7996.578162592844,7996.578162592844
t85,0.0,0.0,0.0,7301.1124550446175,7301.1124550446175
t86,0.0,0.0,0.0,6704.023865207601,6704.023865207601
t87,0.0,0.0,0.0,2414.785022175418,2414.785022175418
t88,0.0,0.0,0.0,0.0,0.0
t89,0.0,0.0,0.0,0.0,0.0
t90,0.0,0.0,0.0,0.0,0.0
t91,0.0,0.0,0.0,0.0,0.0
t92,0.0,0.0,0.0,0.0,0.0
t93,0.0,0.0,0.0,0.0,0.0
t94,0.0,0.0,0.0,0.0,0.0
t95,0.0,0.0,0.0,510.5812630343762,510.5812630343762
t96,0.0,0.0,0.0,447.7686098942928,447.7686098942928
t97,0.0,0.0,0.0,0.0,0.0
t98,0.0,0.0,0.0,4989.120091669351,4989.120091669351
t99,0.0,0.0,0.0,273.7563411245154,273.7563411245154
t100,0.0,0.0,0.0,2156.722411123453,2156.722411123453
t101,0.0,0.0,0.0,2133.89622429535,2133.89622429535
t102,0.0,0.0,0.0,0.0,0.0
t103,0.0,0.0,0.0,0.0,0.0
t104,0.0,0.0,0.0,0.0,0.0
t105,0.0,0.0,0.0,0.0,0.0
t106,0.0,0.0,0.0,913.3608615595587,913.3608615595587
t107,0.0,0.0,0.0,5975.081792705381,5975.081792705381
t108,0.0,0.0,0.0,9023.533623843508,9023.533623843508
t109,0.0,0.0,0.0,8317.317819320266,8317.317819320266
t110,0.0,0.0,0.0,8795.27620529734,8795.27620529734
t111,0.0,0.0,0.0,9079.751588348143,9079.751588348143
t112,0.0,0.0,0.0,4917.543104607963,4917.543104607963
t113,0.0,0.0,0.0,4917.543104607963,4917.543104607963
t114,0.0,0.0,0.0,3198.5832536422877,3198.5832536422877
t115,0.0,0.0,0.0,6636.502955573637,6636.502955573637
t116,0.0,0.0,0.0,0.0,0.0
t117,0.0,0.0,0.0,376.48924205842354,376.48924205842354
t118,0.0,0.0,0.0,0.0,0.0
t119,0.0,0.0,0.0,0.0,0.0
t120,0.0,0.0,0.0,0.0,0.0
t121,0.0,0.0,0.0,352.3522325462054,352.3522325462054
t122,0.0,0.0,0.0,0.0,0.0
t123,0.0,0.0,0.0,0.0,0.0
t124,0.0,0.0,0.0,0.0,0.0
t125,0.0,0.0,0.0,0.0,0.0
t126,0.0,0.0,0.0,0.0,0.0
t127,0.0,0.0,0.0,0.0,0.0
t128,0.0,0.0,0.0,0.0,0.0
t129,0.0,0.0,0.0,1315.2232783130971,1315.2232783130971
t130,0.0,0.0,0.0,9079.751588348143,9079.751588348143
t131,0.0,0.0,0.0,8492.433094378019,8492.433094378019
t132,0.0,0.0,0.0,6549.142424622278,6549.142424622278
t133,0.0,0.0,0.0,9079.751588348143,9079.751588348143
t134,0.0,0.0,0.0,8379.607988600927,8379.607988600927
t135,0.0,0.0,0.0,5606.383747961226,5606.383747961226
t136,0.0,0.0,0.0,0.0,0.0
t137,0.0,0.0,0.0,0.0,0.0
t138,0.0,0.0,0.0,0.0,0.0
t139,0.0,0.0,0.0,0.0,0.0
t140,0.0,0.0,0.0,0.0,0.0
t141,0.0,0.0,0.0,0.0,0.0
t142,0.0,0.0,0.0,0.0,0.0
t143,0.0,0.0,0.0,45.8478327084737,45.8478327084737
t144,0.0,0.0,0.0,1516.6065339757579,1516.6065339757579
t145,0.0,0.0,0.0,987.3773357621036,987.3773357621036
t146,0.0,0.0,0.0,4170.732286750106,4170.732286750106
t147,0.0,0.0,0.0,6638.216086697125,6638.216086697125
t148,0.0,0.0,0.0,5708.103479138825,5708.103479138825
t149,0.0,0.0,0.0,1022.1228806006486,1022.1228806006486
t150,0.0,0.0,0.0,0.0,0.0
t151,0.0,0.0,0.0,0.0,0.0
t152,0.0,0.0,0.0,0.0,0.0
t153,0.0,0.0,0.0,0.0,0.0
t154,0.0,0.0,0.0,7169.627819005224,7169.627819005224
t155,0.0,0.0,0.0,6118.416715869406,6118.416715869406
t156,0.0,0.0,0.0,7561.444126767427,7561.444126767427
t157,0.0,0.0,0.0,7865.8915215757615,7865.8915215757615
t158,0.0,0.0,0.0,7710.752985999419,7710.752985999419
t159,0.0,0.0,0.0,5946.168859926964,5946.168859926964
t160,0.0,0.0,0.0,2662.729272792007,2662.729272792007
t161,0.0,0.0,0.0,-0.0,0.0
t162,0.0,0.0,0.0,3986.4361977684293,3986.4361977684293
t163,0.0,0.0,0.0,9079.751588348143,9079.751588348143
t164,0.0,0.0,0.0,9079.751588348143,9079.751588348143
t165,0.0,0.0,0.0,9079.751588348143,9079.751588348143
t166,0.0,0.0,0.0,0.0,0.0
t167,0.0,0.0,0.0,-0.0,0.0
t168,0.0,0.0,0.0,9079.751588348143,9079.751588348143
t169,0.0,0.0,0.0,9079.751588348143,9079.751588348143
t170,0.0,0.0,0.0,9079.751588348143,9079.751588348143
t171,0.0,0.0,0.0,755.3346208677812,755.3346208677812
t172,0.0,0.0,0.0,9079.751588348143,9079.751588348143
t173,0.0,0.0,0.0,4917.543104607963,4917.543104607963
t174,0.0,0.0,0.0,-0.0,0.0
t175,0.0,0.0,0.0,0.0,0.0
t176,0.0,0.0,0.0,-0.0,0.0
t177,0.0,0.0,0.0,3322.2736520035605,3322.2736520035605
t178,0.0,0.0,0.0,5503.6095718834595,5503.6095718834595
t179,0.0,0.0,0.0,7179.050963330634,7179.050963330634
t180,0.0,0.0,0.0,8190.004951924631,8190.004951924631
t181,0.0,0.0,0.0,8576.81209591058,8576.81209591058
t182,0.0,0.0,0.0,8704.24698263826,8704.24698263826
t183,0.0,0.0,0.0,7005.561700929958,7005.561700929958
t184,0.0,0.0,0.0,5611.4142320665105,5611.4142320665105
t185,0.0,0.0,0.0,2044.510542993632,2044.510542993632
t186,0.0,0.0,0.0,7790.575666222293,7790.575666222293
t187,0.0,0.0,0.0,755.3346208677812,755.3346208677812
t188,0.0,0.0,0.0,9079.751588348143,9079.751588348143
t189,0.0,0.0,0.0,-0.0,0.0
t190,0.0,0.0,0.0,6952.016715672742,6952.016715672742
t191,0.0,0.0,0.0,-0.0,0.0
t192,0.0,0.0,0.0,4694.545542265814,4694.545542265814
t193,0.0,0.0,0.0,4491.5220247949355,4491.5220247949355
t194,0.0,0.0,0.0,-0.0,0.0
t195,0.0,0.0,0.0,-0.0,0.0
t196,0.0,0.0,0.0,9079.751588348143,9079.751588348143
t197,0.0,0.0,0.0,1394.6498439702743,1394.6498439702743
t198,0.0,0.0,0.0,9079.751588348143,9079.751588348143
t199,0.0,0.0,0.0,9079.751588348143,9079.751588348143
t200,0.0,0.0,0.0,-0.0,0.0
t201,0.0,0.0,0.0,9079.751588348143,9079.751588348143
t202,0.0,0.0,0.0,5353.760564952206,5353.760564952206
t203,0.0,0.0,0.0,5544.18127894144,5544.18127894144
t204,0.0,0.0,0.0,5948.579409984026,5948.579409984026
t205,0.0,0.0,0.0,7163.4716267316235,7163.4716267316235
t206,0.0,0.0,0.0,7847.868900151186,7847.868900151186
t207,0.0,0.0,0.0,7436.409854885226,7436.409854885226
t208,0.0,0.0,0.0,5204.8499764172175,5204.8499764172175
t209,0.0,0.0,0.0,4917.543104607963,4917.543104607963
t210,0.0,0.0,0.0,4917.543104607963,4917.543104607963
t211,0.0,0.0,0.0,-0.0,0.0
t212,0.0,0.0,0.0,-0.0,0.0
t213,0.0,0.0,0.0,7400.945794267087,7400.945794267087
t214,0.0,0.0,0.0,1075.99995613929,1075.99995613929
t215,0.0,0.0,0.0,6258.120799618733,6258.120799618733
t216,0.0,0.0,0.0,6445.77511014231,6445.77511014231
t217,0.0,0.0,0.0,9079.751588348143,9079.751588348143
t218,0.0,0.0,0.0,9079.751588348143,9079.751588348143
t219,0.0,0.0,0.0,755.3346208677812,755.3346208677812
t220,0.0,0.0,0.0,9079.751588348143,9079.751588348143
t221,0.0,0.0,0.0,2685.123327149812,2685.123327149812
t222,0.0,0.0,0.0,7149.962882066113,7149.962882066113
t223,0.0,0.0,0.0,4223.112263215327,4223.112263215327
t224,0.0,0.0,0.0,2906.535927321146,2906.535927321146
t225,0.0,0.0,0.0,5448.9629335956715,5448.9629335956715
t226,0.0,0.0,0.0,4793.873346431513,4793.873346431513
t227,0.0,0.0,0.0,3869.196032584707,3869.196032584707
t228,0.0,0.0,0.0,4619.783236965028,4619.783236965028
t229,0.0,0.0,0.0,4637.958965173112,4637.958965173112
t230,0.0,0.0,0.0,6403.255234808804,6403.255234808804
t231,0.0,0.0,0.0,6182.43244970163,6182.43244970163
t232,0.0,0.0,0.0,5177.986339588801,5177.986339588801
t233,0.0,0.0,0.0,5829.877421301851,5829.877421301851
t234,0.0,0.0,0.0,0.0,0.0
t235,0.0,0.0,0.0,0.0,0.0
t236,0.0,0.0,0.0,0.0,0.0
t237,0.0,0.0,0.0,0.0,0.0
t238,0.0,0.0,0.0,0.0,0.0
t239,0.0,0.0,0.0,0.0,0.0
t240,0.0,0.0,0.0,0.0,0.0
t241,0.0,0.0,0.0,0.0,0.0
t242,0.0,0.0,0.0,0.0,0.0
t243,0.0,0.0,0.0,0.0,0.0
t244,0.0,0.0,0.0,0.0,0.0
t245,0.0,0.0,0.0,0.0,0.0
t246,0.0,0.0,0.0,0.0,0.0
t247,0.0,0.0,0.0,0.0,0.0
t248,0.0,0.0,0.0,0.0,0.0
t249,0.0,0.0,0.0,0.0,0.0
t250,0.0,0.0,0.0,0.0,0.0
t251,0.0,0.0,0.0,1006.6159211429247,1006.6159211429247
t252,0.0,0.0,0.0,1513.162051953757,1513.162051953757
t253,0.0,0.0,0.0,1258.3547202437862,1258.3547202437862
t254,0.0,0.0,0.0,1304.9087822809922,1304.9087822809922
t255,0.0,0.0,0.0,2625.928519411512,2625.928519411512
t256,0.0,0.0,0.0,661.1046189169914,661.1046189169914
t257,0.0,0.0,0.0,0.0,0.0
t258,0.0,0.0,0.0,0.0,0.0
t259,0.0,0.0,0.0,0.0,0.0
t260,0.0,0.0,0.0,0.0,0.0
t261,0.0,0.0,0.0,0.0,0.0
t262,0.0,0.0,0.0,0.0,0.0
t263,0.0,0.0,0.0,1850.3117691549874,1850.3117691549874
t264,0.0,0.0,0.0,0.0,0.0
t265,0.0,0.0,0.0,988.3828712507166,988.3828712507166
t266,0.0,0.0,0.0,1070.6790502928216,1070.6790502928216
t267,0.0,0.0,0.0,4016.690728286183,4016.690728286183
t268,0.0,0.0,0.0,1782.497123392358,1782.497123392358
t269,0.0,0.0,0.0,4253.3676420386655,4253.3676420386655
t270,0.0,0.0,0.0,0.0,0.0
t271,0.0,0.0,0.0,0.0,0.0
t272,0.0,0.0,0.0,0.0,0.0
t273,0.0,0.0,0.0,0.0,0.0
t274,0.0,0.0,0.0,886.2246306583783,886.2246306583783
t275,0.0,0.0,0.0,6390.660479240522,6390.660479240522
t276,0.0,0.0,0.0,4771.231595873998,4771.231595873998
t277,0.0,0.0,0.0,2334.9556795815092,2334.9556795815092
t278,0.0,0.0,0.0,2476.5313841373786,2476.5313841373786
t279,0.0,0.0,0.0,1274.1290489818366,1274.1290489818366
t280,0.0,0.0,0.0,0.0,0.0
t281,0.0,0.0,0.0,0.0,0.0
t282,0.0,0.0,0.0,0.0,0.0
t283,0.0,0.0,0.0,0.0,0.0
t284,0.0,0.0,0.0,0.0,0.0
t285,0.0,0.0,0.0,0.0,0.0
t286,0.0,0.0,0.0,0.0,0.0
t287,0.0,0.0,0.0,0.0,0.0
t288,0.0,0.0,0.0,0.0,0.0
t289,0.0,0.0,0.0,0.0,0.0
t290,0.0,0.0,0.0,469.8289800775175,469.8289800775175
t291,0.0,0.0,0.0,5803.670704616902,5803.670704616902
t292,0.0,0.0,0.0,9079.751588348143,9079.751588348143
t293,0.0,0.0,0.0,7329.044424349586,7329.044424349586
t294,0.0,0.0,0.0,-0.0,0.0
t295,0.0,0.0,0.0,3488.559342703078,3488.559342703078
t296,0.0,0.0,0.0,3748.054129140917,3748.054129140917
t297,0.0,0.0,0.0,6162.529434589241,6162.529434589241
t298,0.0,0.0,0.0,6349.392193392955,6349.392193392955
t299,0.0,0.0,0.0,4101.734062265452,4101.734062265452
t300,0.0,0.0,0.0,9079.751588348143,9079.751588348143
t301,0.0,0.0,0.0,7136.479927252339,7136.479927252339
t302,0.0,0.0,0.0,9079.751588348143,9079.751588348143
t303,0.0,0.0,0.0,9079.751588348143,9079.751588348143
t304,0.0,0.0,0.0,4917.543104607963,4917.543104607963
t305,0.0,0.0,0.0,1978.4605106710335,1978.4605106710335
t306,0.0,0.0,0.0,7856.625698544893,7856.625698544893
t307,0.0,0.0,0.0,-0.0,0.0
t308,0.0,0.0,0.0,2027.7932368170832,2027.7932368170832
t309,0.0,0.0,0.0,8562.627593266627,8562.627593266627
t310,0.0,0.0,0.0,9079.751588348143,9079.751588348143
t311,0.0,0.0,0.0,817.7179512989259,817.7179512989259
t312,0.0,0.0,0.0,9017.368257917,9017.368257917
t313,0.0,0.0,0.0,4917.543104607963,4917.543104607963
t314,0.0,0.0,0.0,4917.543104607963,4917.543104607963
t315,0.0,0.0,0.0,4917.543104607963,4917.543104607963
t316,0.0,0.0,0.0,4917.543104607963,4917.543104607963
t317,0.0,0.0,0.0,-0.0,0.0
t318,0.0,0.0,0.0,4740.623891555835,4740.623891555835
t319,0.0,0.0,0.0,-0.0,0.0
t320,0.0,0.0,0.0,-0.0,0.0
t321,0.0,0.0,0.0,3201.279305114605,3201.279305114605
t322,0.0,0.0,0.0,6053.677168958672,6053.677168958672
t323,0.0,0.0,0.0,8296.850566841722,8296.850566841722
t324,0.0,0.0,0.0,5974.54010694484,5974.54010694484
t325,0.0,0.0,0.0,8896.238673606551,8896.238673606551
t326,0.0,0.0,0.0,8692.785453569406,8692.785453569406
t327,0.0,0.0,0.0,7822.233795066934,7822.233795066934
t328,0.0,0.0,0.0,5332.288293636992,5332.288293636992
t329,0.0,0.0,0.0,4917.543104607963,4917.543104607963
t330,0.0,0.0,0.0,4917.543104607963,4917.543104607963
t331,0.0,0.0,0.0,4917.543104607963,4917.543104607963
t332,0.0,0.0,0.0,4917.543104607963,4917.543104607963
t333,0.0,0.0,0.0,760.904895208844,760.904895208844
t334,0.0,0.0,0.0,3050.634701852028,3050.634701852028
t335,0.0,0.0,0.0,-0.0,0.0
t336,0.0,0.0,0.0,7534.21585389062,7534.21585389062
t337,0.0,0.0,0.0,9079.751588348143,9079.751588348143
t338,0.0,0.0,0.0,9079.751588348143,9079.751588348143
t339,0.0,0.0,0.0,4917.543104607963,4917.543104607963
t340,0.0,0.0,0.0,4917.543104607963,4917.543104607963
t341,0.0,0.0,0.0,-0.0,0.0
t342,0.0,0.0,0.0,-0.0,0.0
t343,0.0,0.0,0.0,-0.0,0.0
t344,0.0,0.0,0.0,4298.558575996017,4298.558575996017
t345,0.0,0.0,0.0,3700.9970882237867,3700.9970882237867
t346,0.0,0.0,0.0,5953.140864162583,5953.140864162583
t347,0.0,0.0,0.0,9079.751588348143,9079.751588348143
t348,0.0,0.0,0.0,9079.751588348143,9079.751588348143
t349,0.0,0.0,0.0,9079.751588348143,9079.751588348143
t350,0.0,0.0,0.0,6678.930850129928,6678.930850129928
t351,0.0,0.0,0.0,6222.092007130847,6222.092007130847
t352,0.0,0.0,0.0,4524.702363252317,4524.702363252317
t353,0.0,0.0,0.0,5310.383845963609,5310.383845963609
t354,0.0,0.0,0.0,4917.543104607963,4917.543104607963
t355,0.0,0.0,0.0,4917.543104607963,4917.543104607963
t356,0.0,0.0,0.0,0.0,0.0
t357,0.0,0.0,0.0,6428.212346343529,6428.212346343529
t358,0.0,0.0,0.0,-0.0,0.0
t359,0.0,0.0,0.0,9079.751588348143,9079.751588348143
t360,0.0,0.0,0.0,9079.751588348143,9079.751588348143
t361,0.0,0.0,0.0,755.3346208677812,755.3346208677812
t362,0.0,0.0,0.0,9079.751588348143,9079.751588348143
t363,0.0,0.0,0.0,4917.543104607963,4917.543104607963
t364,0.0,0.0,0.0,-0.0,0.0
t365,0.0,0.0,0.0,-0.0,0.0
t366,0.0,0.0,0.0,2235.0281866398855,2235.0281866398855
t367,0.0,0.0,0.0,-0.0,0.0
t368,0.0,0.0,0.0,7511.0995991309455,7511.0995991309455
t369,0.0,0.0,0.0,4554.656440912487,4554.656440912487
t370,0.0,0.0,0.0,6704.551052396808,6704.551052396808
t371,0.0,0.0,0.0,8271.843883989884,8271.843883989884
t372,0.0,0.0,0.0,8230.23370600076,8230.23370600076
t373,0.0,0.0,0.0,7480.129442306623,7480.129442306623
t374,0.0,0.0,0.0,6581.129531372796,6581.129531372796
t375,0.0,0.0,0.0,7441.845412545365,7441.845412545365
t376,0.0,0.0,0.0,4917.543104607963,4917.543104607963
t377,0.0,0.0,0.0,2868.6858342550713,2868.6858342550713
t378,0.0,0.0,0.0,6966.400374960854,6966.400374960854
t379,0.0,0.0,0.0,-0.0,0.0
t380,0.0,0.0,0.0,0.0,0.0
t381,0.0,0.0,0.0,0.0,0.0
t382,0.0,0.0,0.0,5410.589494987578,5410.589494987578
t383,0.0,0.0,0.0,1647.7431993977718,1647.7431993977718
t384,0.0,0.0,0.0,9079.751588348143,9079.751588348143
t385,0.0,0.0,0.0,-0.0,0.0
t386,0.0,0.0,0.0,9079.751588348143,9079.751588348143
t387,0.0,0.0,0.0,1394.6498439702743,1394.6498439702743
t388,0.0,0.0,0.0,7899.3199604117035,7899.3199604117035
t389,0.0,0.0,0.0,7138.950215847338,7138.950215847338
t390,0.0,0.0,0.0,-0.0,0.0
t391,0.0,0.0,0.0,7371.912672011437,7371.912672011437
t392,0.0,0.0,0.0,3765.801298508741,3765.801298508741
t393,0.0,0.0,0.0,4966.740773539264,4966.740773539264
t394,0.0,0.0,0.0,6206.946732641334,6206.946732641334
t395,0.0,0.0,0.0,7983.868678573569,7983.868678573569
t396,0.0,0.0,0.0,8365.196865665206,8365.196865665206
t397,0.0,0.0,0.0,8293.985399843748,8293.985399843748
t398,0.0,0.0,0.0,7334.555313350545,7334.555313350545
t399,0.0,0.0,0.0,7328.641571322427,7328.641571322427
t400,0.0,0.0,0.0,4917.543104607963,4917.543104607963
t401,0.0,0.0,0.0,4917.543104607963,4917.543104607963
t402,0.0,0.0,0.0,50.569240612629685,50.569240612629685
t403,0.0,0.0,0.0,560.2165739753922,560.2165739753922
t404,0.0,0.0,0.0,1396.8829956221134,1396.8829956221134
t405,0.0,0.0,0.0,3826.7797364281596,3826.7797364281596
t406,0.0,0.0,0.0,3576.151513019175,3576.151513019175
t407,0.0,0.0,0.0,4375.491383094132,4375.491383094132
t408,0.0,0.0,0.0,4342.719579742556,4342.719579742556
t409,0.0,0.0,0.0,5404.073736054044,5404.073736054044
t410,0.0,0.0,0.0,5226.568982900346,5226.568982900346
t411,0.0,0.0,0.0,5004.921372906618,5004.921372906618
t412,0.0,0.0,0.0,6184.212384838469,6184.212384838469
t413,0.0,0.0,0.0,1435.044802868699,1435.044802868699
t414,0.0,0.0,0.0,9079.751588348143,9079.751588348143
t415,0.0,0.0,0.0,1838.7497158361493,1838.7497158361493
t416,0.0,0.0,0.0,5864.7120358504835,5864.7120358504835
t417,0.0,0.0,0.0,4115.859321204293,4115.859321204293
t418,0.0,0.0,0.0,6007.758131737556,6007.758131737556
t419,0.0,0.0,0.0,6833.472573420817,6833.472573420817
t420,0.0,0.0,0.0,6563.418342049278,6563.418342049278
t421,0.0,0.0,0.0,6097.511044351962,6097.511044351962
t422,0.0,0.0,0.0,6060.163803255,6060.163803255
t423,0.0,0.0,0.0,6022.38501685627,6022.38501685627
t424,0.0,0.0,0.0,9073.86904727068,9073.86904727068
t425,0.0,0.0,0.0,9079.751588348143,9079.751588348143
t426,0.0,0.0,0.0,4917.543104607963,4917.543104607963
t427,0.0,0.0,0.0,0.0,0.0
t428,0.0,0.0,0.0,0.0,0.0
t429,0.0,0.0,0.0,0.0,0.0
t430,0.0,0.0,0.0,0.0,0.0
t431,0.0,0.0,0.0,0.0,0.0
t432,0.0,0.0,0.0,0.0,0.0
t433,0.0,0.0,0.0,3191.332648555168,3191.332648555168
t434,0.0,0.0,0.0,6967.64004280019,6967.64004280019
t435,0.0,0.0,0.0,2593.308647932922,2593.308647932922
t436,0.0,0.0,0.0,8646.29914270248,8646.29914270248
t437,0.0,0.0,0.0,-0.0,0.0
t438,0.0,0.0,0.0,9079.751588348143,9079.751588348143
t439,0.0,0.0,0.0,6015.87568997117,6015.87568997117
t440,0.0,0.0,0.0,1921.2443537417264,1921.2443537417264
t441,0.0,0.0,0.0,4899.054571955071,4899.054571955071
t442,0.0,0.0,0.0,7217.016780514605,7217.016780514605
t443,0.0,0.0,0.0,8632.15436940175,8632.15436940175
t444,0.0,0.0,0.0,8749.556699493276,8749.556699493276
t445,0.0,0.0,0.0,3440.8376046526523,3440.8376046526523
t446,0.0,0.0,0.0,9044.88723346065,9044.88723346065
t447,0.0,0.0,0.0,8459.769604062836,8459.769604062836
t448,0.0,0.0,0.0,4917.543104607963,4917.543104607963
t449,0.0,0.0,0.0,4917.543104607963,4917.543104607963
t450,0.0,0.0,0.0,4917.543104607963,4917.543104607963
t451,0.0,0.0,0.0,-0.0,0.0
t452,0.0,0.0,0.0,6428.212346343528,6428.212346343528
t453,0.0,0.0,0.0,-0.0,0.0
t454,0.0,0.0,0.0,9079.751588348143,9079.751588348143
t455,0.0,0.0,0.0,9079.751588348143,9079.751588348143
t456,0.0,0.0,0.0,-0.0,0.0
t457,0.0,0.0,0.0,0.0,0.0
t458,0.0,0.0,0.0,1335.695548321393,1335.695548321393
t459,0.0,0.0,0.0,91.87579417407133,91.87579417407133
t460,0.0,0.0,0.0,9001.987916159209,9001.987916159209
t461,0.0,0.0,0.0,6297.85119310346,6297.85119310346
t462,0.0,0.0,0.0,-0.0,0.0
t463,0.0,0.0,0.0,7991.6197498610445,7991.6197498610445
t464,0.0,0.0,0.0,3099.0790867580376,3099.0790867580376
t465,0.0,0.0,0.0,5673.2565946238565,5673.2565946238565
t466,0.0,0.0,0.0,7615.975914846737,7615.975914846737
t467,0.0,0.0,0.0,3226.911291865475,3226.911291865475
t468,0.0,0.0,0.0,9079.751588348143,9079.751588348143
t469,0.0,0.0,0.0,9079.751588348143,9079.751588348143
t470,0.0,0.0,0.0,9035.63355228939,9035.63355228939
t471,0.0,0.0,0.0,7151.2998550284465,7151.2998550284465
t472,0.0,0.0,0.0,4746.201594695467,4746.201594695467
t473,0.0,0.0,0.0,3245.9797016035186,3245.9797016035186
t474,0.0,0.0,0.0,6760.448017524904,6760.448017524904
t475,0.0,0.0,0.0,0.0,0.0
t476,0.0,0.0,0.0,4189.783379620012,4189.783379620012
t477,0.0,0.0,0.0,-0.0,0.0
t478,0.0,0.0,0.0,9079.751588348143,9079.751588348143
t479,0.0,0.0,0.0,9079.751588348143,9079.751588348143
t480,0.0,0.0,0.0,7155.97207133148,7155.97207133148
t481,0.0,0.0,0.0,-0.0,0.0
t482,0.0,0.0,0.0,162.37579417407133,162.37579417407133
t483,0.0,0.0,0.0,322.0986483348671,322.0986483348671
t484,0.0,0.0,0.0,1663.5704439461877,1663.5704439461877
t485,0.0,0.0,0.0,7671.70556459209,7671.70556459209
t486,0.0,0.0,0.0,2586.4199984773986,2586.4199984773986
t487,0.0,0.0,0.0,6890.605701636873,6890.605701636873
t488,0.0,0.0,0.0,3279.9247016751287,3279.9247016751287
t489,0.0,0.0,0.0,6271.241541657879,6271.241541657879
t490,0.0,0.0,0.0,7292.452613931483,7292.452613931483
t491,0.0,0.0,0.0,8436.311416419898,8436.311416419898
t492,0.0,0.0,0.0,9079.751588348143,9079.751588348143
t493,0.0,0.0,0.0,5991.491942485651,5991.491942485651
t494,0.0,0.0,0.0,9079.751588348143,9079.751588348143
t495,0.0,0.0,0.0,4769.629798571315,4769.629798571315
t496,0.0,0.0,0.0,3731.526392500199,3731.526392500199
t497,0.0,0.0,0.0,3630.6323349572613,3630.6323349572613
t498,0.0,0.0,0.0,7656.285812886746,7656.285812886746
t499,0.0,0.0,0.0,4917.543104607963,4917.543104607963
t500,0.0,0.0,0.0,-0.0,0.0
t501,0.0,0.0,0.0,5032.2502973345745,5032.2502973345745
t502,0.0,0.0,0.0,2151.2966698767377,2151.2966698767377
t503,0.0,0.0,0.0,-0.0,0.0
t504,0.0,0.0,0.0,9079.751588348143,9079.751588348143
t505,0.0,0.0,0.0,5660.926351055746,5660.926351055746
t506,0.0,0.0,0.0,4254.237895934275,4254.237895934275
t507,0.0,0.0,0.0,3656.944618735059,3656.944618735059
t508,0.0,0.0,0.0,3938.7593472895082,3938.7593472895082
t509,0.0,0.0,0.0,-0.0,0.0
t510,0.0,0.0,0.0,4264.907723302945,4264.907723302945
t511,0.0,0.0,0.0,2712.496080647555,2712.496080647555
t512,0.0,0.0,0.0,2509.3720473185826,2509.3720473185826
t513,0.0,0.0,0.0,5098.042649072509,5098.042649072509
t514,0.0,0.0,0.0,4764.768290173171,4764.768290173171
t515,0.0,0.0,0.0,5377.679652761566,5377.679652761566
t516,0.0,0.0,0.0,5317.552767642854,5317.552767642854
t517,0.0,0.0,0.0,5315.396667313899,5315.396667313899
t518,0.0,0.0,0.0,9079.751588348143,9079.751588348143
t519,0.0,0.0,0.0,8712.252124904366,8712.252124904366
t520,0.0,0.0,0.0,9079.751588348143,9079.751588348143
t521,0.0,0.0,0.0,1514.9037064304257,1514.9037064304257
t522,0.0,0.0,0.0,8539.80932678051,8539.80932678051
t523,0.0,0.0,0.0,-0.0,0.0
t524,0.0,0.0,0.0,0.0,0.0
t525,0.0,0.0,0.0,-0.0,0.0
t526,0.0,0.0,0.0,7181.062498415925,7181.062498415925
t527,0.0,0.0,0.0,8981.196475836445,8981.196475836445
t528,0.0,0.0,0.0,7522.351340497606,7522.351340497606
t529,0.0,0.0,0.0,9079.751588348143,9079.751588348143
t530,0.0,0.0,0.0,9079.751588348143,9079.751588348143
t531,0.0,0.0,0.0,4917.543104607963,4917.543104607963
t532,0.0,0.0,0.0,4917.543104607963,4917.543104607963
t533,0.0,0.0,0.0,-0.0,0.0
t534,0.0,0.0,0.0,2776.5031838939753,2776.5031838939753
t535,0.0,0.0,0.0,2945.2349883035913,2945.2349883035913
t536,0.0,0.0,0.0,5823.595583870816,5823.595583870816
t537,0.0,0.0,0.0,2198.5564653334613,2198.5564653334613
t538,0.0,0.0,0.0,3106.967873013546,3106.967873013546
t539,0.0,0.0,0.0,9079.751588348143,9079.751588348143
t540,0.0,0.0,0.0,4086.125510456201,4086.125510456201
t541,0.0,0.0,0.0,9079.751588348143,9079.751588348143
t542,0.0,0.0,0.0,4002.7064732350846,4002.7064732350846
t543,0.0,0.0,0.0,6831.572412144453,6831.572412144453
t544,0.0,0.0,0.0,9079.751588348143,9079.751588348143
t545,0.0,0.0,0.0,4917.543104607963,4917.543104607963
t546,0.0,0.0,0.0,4175.01284064318,4175.01284064318
t547,0.0,0.0,0.0,5660.073368572745,5660.073368572745
t548,0.0,0.0,0.0,4917.543104607963,4917.543104607963
t549,0.0,0.0,0.0,0.0,0.0
t550,0.0,0.0,0.0,0.0,0.0
t551,0.0,0.0,0.0,0.0,0.0
t552,0.0,0.0,0.0,0.0,0.0
t553,0.0,0.0,0.0,0.0,0.0
t554,0.0,0.0,0.0,334.83394538487585,334.83394538487585
t555,0.0,0.0,0.0,246.2156381838696,246.2156381838696
t556,0.0,0.0,0.0,4525.503028563726,4525.503028563726
t557,0.0,0.0,0.0,0.0,0.0
t558,0.0,0.0,0.0,0.0,0.0
t559,0.0,0.0,0.0,0.0,0.0
t560,0.0,0.0,0.0,196.82721362904167,196.82721362904167
t561,0.0,0.0,0.0,0.0,0.0
t562,0.0,0.0,0.0,0.0,0.0
t563,0.0,0.0,0.0,0.0,0.0
t564,0.0,0.0,0.0,0.0,0.0
t565,0.0,0.0,0.0,0.0,0.0
t566,0.0,0.0,0.0,0.0,0.0
t567,0.0,0.0,0.0,0.0,0.0
t568,0.0,0.0,0.0,0.0,0.0
t569,0.0,0.0,0.0,0.0,0.0
t570,0.0,0.0,0.0,0.0,0.0
t571,0.0,0.0,0.0,0.0,0.0
t572,0.0,0.0,0.0,0.0,0.0
t573,0.0,0.0,0.0,2572.1869322668967,2572.1869322668967
t574,0.0,0.0,0.0,4212.694505331891,4212.694505331891
t575,0.0,0.0,0.0,5514.126959035229,5514.126959035229
t576,0.0,0.0,0.0,9070.487292789774,9070.487292789774
t577,0.0,0.0,0.0,8058.552524628695,8058.552524628695
t578,0.0,0.0,0.0,4930.969326652857,4930.969326652857
t579,0.0,0.0,0.0,-0.0,0.0
t580,0.0,0.0,0.0,-0.0,0.0
t581,0.0,0.0,0.0,9079.751588348143,9079.751588348143
t582,0.0,0.0,0.0,9079.751588348143,9079.751588348143
t583,0.0,0.0,0.0,154.46746072138762,154.46746072138762
t584,0.0,0.0,0.0,3429.9871578755738,3429.9871578755738
t585,0.0,0.0,0.0,5250.71426851126,5250.71426851126
t586,0.0,0.0,0.0,4635.547031480212,4635.547031480212
t587,0.0,0.0,0.0,8798.988008875405,8798.988008875405
t588,0.0,0.0,0.0,8764.65351930849,8764.65351930849
t589,0.0,0.0,0.0,8630.47403039566,8630.47403039566
t590,0.0,0.0,0.0,8133.317189798712,8133.317189798712
t591,0.0,0.0,0.0,6420.039756546857,6420.039756546857
t592,0.0,0.0,0.0,4917.543104607963,4917.543104607963
t593,0.0,0.0,0.0,0.0,0.0
t594,0.0,0.0,0.0,0.0,0.0
t595,0.0,0.0,0.0,0.0,0.0
t596,0.0,0.0,0.0,2008.0825350944745,2008.0825350944745
t597,0.0,0.0,0.0,0.0,0.0
t598,0.0,0.0,0.0,0.0,0.0
t599,0.0,0.0,0.0,0.0,0.0
t600,0.0,0.0,0.0,0.0,0.0
t601,0.0,0.0,0.0,0.0,0.0
t602,0.0,0.0,0.0,0.0,0.0
t603,0.0,0.0,0.0,0.0,0.0
t604,0.0,0.0,0.0,0.0,0.0
t605,0.0,0.0,0.0,0.0,0.0
t606,0.0,0.0,0.0,9079.751588348143,9079.751588348143
t607,0.0,0.0,0.0,3919.8088024408817,3919.8088024408817
t608,0.0,0.0,0.0,3815.195316605087,3815.195316605087
t609,0.0,0.0,0.0,5272.241415260084,5272.241415260084
t610,0.0,0.0,0.0,7475.219897576977,7475.219897576977
t611,0.0,0.0,0.0,8834.41519829806,8834.41519829806
t612,0.0,0.0,0.0,7970.762464812523,7970.762464812523
t613,0.0,0.0,0.0,7547.837201138048,7547.837201138048
t614,0.0,0.0,0.0,7383.379782051961,7383.379782051961
t615,0.0,0.0,0.0,6161.536829070113,6161.536829070113
t616,0.0,0.0,0.0,4917.543104607963,4917.543104607963
t617,0.0,0.0,0.0,4917.543104607963,4917.543104607963
t618,0.0,0.0,0.0,2056.783249062012,2056.783249062012
t619,0.0,0.0,0.0,3394.5825552064903,3394.5825552064903
t620,0.0,0.0,0.0,9079.751588348143,9079.751588348143
t621,0.0,0.0,0.0,5139.055025815204,5139.055025815204
t622,0.0,0.0,0.0,971.8418101861222,971.8418101861222
t623,0.0,0.0,0.0,8863.244399029802,8863.244399029802
t624,0.0,0.0,0.0,-0.0,0.0
t625,0.0,0.0,0.0,4495.19133627776,4495.19133627776
t626,0.0,0.0,0.0,1643.4621934348215,1643.4621934348215
t627,0.0,0.0,0.0,3979.9278401180363,3979.9278401180363
t628,0.0,0.0,0.0,2837.54379565883,2837.54379565883
t629,0.0,0.0,0.0,2265.542976052766,2265.542976052766
t630,0.0,0.0,0.0,5899.970109367828,5899.970109367828
t631,0.0,0.0,0.0,3726.061838236209,3726.061838236209
t632,0.0,0.0,0.0,3423.253109056294,3423.253109056294
t633,0.0,0.0,0.0,4837.125599522375,4837.125599522375
t634,0.0,0.0,0.0,6355.732257953236,6355.732257953236
t635,0.0,0.0,0.0,7533.818099271738,7533.818099271738
t636,0.0,0.0,0.0,7909.46580150281,7909.46580150281
t637,0.0,0.0,0.0,7768.248786950478,7768.248786950478
t638,0.0,0.0,0.0,7689.590202818629,7689.590202818629
t639,0.0,0.0,0.0,6804.1228485209585,6804.1228485209585
t640,0.0,0.0,0.0,6429.175983592605,6429.175983592605
t641,0.0,0.0,0.0,3138.210850416371,3138.210850416371
t642,0.0,0.0,0.0,6696.875358799554,6696.875358799554
t643,0.0,0.0,0.0,4917.543104607963,4917.543104607963
t644,0.0,0.0,0.0,4917.543104607963,4917.543104607963
t645,0.0,0.0,0.0,0.0,0.0
t646,0.0,0.0,0.0,0.0,0.0
t647,0.0,0.0,0.0,0.0,0.0
t648,0.0,0.0,0.0,0.0,0.0
t649,0.0,0.0,0.0,0.0,0.0
t650,0.0,0.0,0.0,0.0,0.0
t651,0.0,0.0,0.0,0.0,0.0
t652,0.0,0.0,0.0,0.0,0.0
t653,0.0,0.0,0.0,0.0,0.0
t654,0.0,0.0,0.0,0.0,0.0
t655,0.0,0.0,0.0,0.0,0.0
t656,0.0,0.0,0.0,0.0,0.0
t657,0.0,0.0,0.0,2461.3622443807294,2461.3622443807294
t658,0.0,0.0,0.0,6996.454584704294,6996.454584704294
t659,0.0,0.0,0.0,8128.928277260861,8128.928277260861
t660,0.0,0.0,0.0,8566.94241152138,8566.94241152138
t661,0.0,0.0,0.0,6631.853793335977,6631.853793335977
t662,0.0,0.0,0.0,8433.397346804575,8433.397346804575
t663,0.0,0.0,0.0,7267.755558868487,7267.755558868487
t664,0.0,0.0,0.0,5553.885105922444,5553.885105922444
t665,0.0,0.0,0.0,4917.543104607963,4917.543104607963
t666,0.0,0.0,0.0,739.7787146901012,739.7787146901012
t667,0.0,0.0,0.0,5501.869985852251,5501.869985852251
t668,0.0,0.0,0.0,8510.980613281536,8510.980613281536
t669,0.0,0.0,0.0,2461.0781524049817,2461.0781524049817
t670,0.0,0.0,0.0,7374.008056810943,7374.008056810943
t671,0.0,0.0,0.0,3526.3544201679338,3526.3544201679338
t672,0.0,0.0,0.0,2523.1865913495258,2523.1865913495258
t673,0.0,0.0,0.0,7564.388429398939,7564.388429398939
t674,0.0,0.0,0.0,5605.5541032520005,5605.5541032520005
t675,0.0,0.0,0.0,5155.709734663227,5155.709734663227
t676,0.0,0.0,0.0,4390.484394435937,4390.484394435937
t677,0.0,0.0,0.0,9079.751588348143,9079.751588348143
t678,0.0,0.0,0.0,9079.751588348143,9079.751588348143
t679,0.0,0.0,0.0,-0.0,0.0
t680,0.0,0.0,0.0,1895.491151808396,1895.491151808396
t681,0.0,0.0,0.0,2458.0179433367675,2458.0179433367675
t682,0.0,0.0,0.0,5771.052133548785,5771.052133548785
t683,0.0,0.0,0.0,9079.751588348143,9079.751588348143
t684,0.0,0.0,0.0,9079.751588348143,9079.751588348143
t685,0.0,0.0,0.0,5539.350351259015,5539.350351259015
t686,0.0,0.0,0.0,8989.488471250943,8989.488471250943
t687,0.0,0.0,0.0,7538.608669502,7538.608669502
t688,0.0,0.0,0.0,4779.021149802516,4779.021149802516
t689,0.0,0.0,0.0,5056.065059413409,5056.065059413409
t690,0.0,0.0,0.0,0.0,0.0
t691,0.0,0.0,0.0,0.0,0.0
t692,0.0,0.0,0.0,0.0,0.0
t693,0.0,0.0,0.0,0.0,0.0
t694,0.0,0.0,0.0,4012.887365663886,4012.887365663886
t695,0.0,0.0,0.0,887.1822001412766,887.1822001412766
t696,0.0,0.0,0.0,0.0,0.0
t697,0.0,0.0,0.0,0.0,0.0
t698,0.0,0.0,0.0,0.0,0.0
t699,0.0,0.0,0.0,1183.3644087116056,1183.3644087116056
t700,0.0,0.0,0.0,1211.827154404483,1211.827154404483
t701,0.0,0.0,0.0,0.0,0.0
t702,0.0,0.0,0.0,3718.71839970474,3718.71839970474
t703,0.0,0.0,0.0,0.0,0.0
t704,0.0,0.0,0.0,0.0,0.0
t705,0.0,0.0,0.0,0.0,0.0
t706,0.0,0.0,0.0,542.128195678218,542.128195678218
t707,0.0,0.0,0.0,3108.222434371988,3108.222434371988
t708,0.0,0.0,0.0,4646.5194413097015,4646.5194413097015
t709,0.0,0.0,0.0,5686.0276881777645,5686.0276881777645
t710,0.0,0.0,0.0,6006.002853932088,6006.002853932088
t711,0.0,0.0,0.0,4344.10634727741,4344.10634727741
t712,0.0,0.0,0.0,2330.4419000686544,2330.4419000686544
t713,0.0,0.0,0.0,0.0,0.0
t714,0.0,0.0,0.0,0.0,0.0
t715,0.0,0.0,0.0,0.0,0.0
t716,0.0,0.0,0.0,0.0,0.0
t717,0.0,0.0,0.0,0.0,0.0
t718,0.0,0.0,0.0,0.0,0.0
t719,0.0,0.0,0.0,0.0,0.0
t720,0.0,0.0,0.0,0.0,0.0
t721,0.0,0.0,0.0,0.0,0.0
t722,0.0,0.0,0.0,0.0,0.0
t723,0.0,0.0,0.0,0.0,0.0
t724,0.0,0.0,0.0,0.0,0.0
t725,0.0,0.0,0.0,0.0,0.0
t726,0.0,0.0,0.0,0.0,0.0
t727,0.0,0.0,0.0,0.0,0.0
t728,0.0,0.0,0.0,0.0,0.0
t729,0.0,0.0,0.0,0.0,0.0
t730,0.0,0.0,0.0,0.0,0.0
t731,0.0,0.0,0.0,2395.877553834991,2395.877553834991
t732,0.0,0.0,0.0,3493.110106907258,3493.110106907258
t733,0.0,0.0,0.0,3373.8091876288595,3373.8091876288595
t734,0.0,0.0,0.0,6945.732046378369,6945.732046378369
t735,0.0,0.0,0.0,3171.959026337488,3171.959026337488
t736,0.0,0.0,0.0,0.0,0.0
t737,0.0,0.0,0.0,0.0,0.0
t738,0.0,0.0,0.0,0.0,0.0
t739,0.0,0.0,0.0,0.0,0.0
t740,0.0,0.0,0.0,0.0,0.0
t741,0.0,0.0,0.0,0.0,0.0
t742,0.0,0.0,0.0,4103.392124400214,4103.392124400214
t743,0.0,0.0,0.0,0.0,0.0
t744,0.0,0.0,0.0,1801.444422004257,1801.444422004257
t745,0.0,0.0,0.0,5203.865994955474,5203.865994955474
t746,0.0,0.0,0.0,5145.322633182856,5145.322633182856
t747,0.0,0.0,0.0,8810.243060167615,8810.243060167615
t748,0.0,0.0,0.0,9079.751588348143,9079.751588348143
t749,0.0,0.0,0.0,4287.646392776858,4287.646392776858
t750,0.0,0.0,0.0,5559.370401473769,5559.370401473769
t751,0.0,0.0,0.0,0.0,0.0
t752,0.0,0.0,0.0,0.0,0.0
t753,0.0,0.0,0.0,0.0,0.0
t754,0.0,0.0,0.0,0.0,0.0
t755,0.0,0.0,0.0,912.2607891536866,912.2607891536866
t756,0.0,0.0,0.0,1766.8649370315727,1766.8649370315727
t757,0.0,0.0,0.0,2140.052965432647,2140.052965432647
t758,0.0,0.0,0.0,5094.335216090224,5094.335216090224
t759,0.0,0.0,0.0,0.0,0.0
t760,0.0,0.0,0.0,0.0,0.0
t761,0.0,0.0,0.0,0.0,0.0
t762,0.0,0.0,0.0,0.0,0.0
t763,0.0,0.0,0.0,0.0,0.0
t764,0.0,0.0,0.0,0.0,0.0
t765,0.0,0.0,0.0,0.0,0.0
t766,0.0,0.0,0.0,0.0,0.0
t767,0.0,0.0,0.0,0.0,0.0
t768,0.0,0.0,0.0,0.0,0.0
t769,0.0,0.0,0.0,4745.560692262533,4745.560692262533
t770,0.0,0.0,0.0,9079.751588348143,9079.751588348143
t771,0.0,0.0,0.0,9079.751588348143,9079.751588348143
t772,0.0,0.0,0.0,7382.4658555184715,7382.4658555184715
t773,0.0,0.0,0.0,7649.08596135218,7649.08596135218
t774,0.0,0.0,0.0,7505.986639127819,7505.986639127819
t775,0.0,0.0,0.0,0.0,0.0
t776,0.0,0.0,0.0,0.0,0.0
t777,0.0,0.0,0.0,0.0,0.0
t778,0.0,0.0,0.0,0.0,0.0
t779,0.0,0.0,0.0,0.0,0.0
t780,0.0,0.0,0.0,0.0,0.0
t781,0.0,0.0,0.0,0.0,0.0
t782,0.0,0.0,0.0,0.0,0.0
t783,0.0,0.0,0.0,320.95198831397573,320.95198831397573
t784,0.0,0.0,0.0,1382.9761289223568,1382.9761289223568
t785,0.0,0.0,0.0,870.5710207604958,870.5710207604958
t786,0.0,0.0,0.0,0.0,0.0
t787,0.0,0.0,0.0,0.0,0.0
t788,0.0,0.0,0.0,0.0,0.0
t789,0.0,0.0,0.0,0.0,0.0
t790,0.0,0.0,0.0,4120.690398034925,4120.690398034925
t791,0.0,0.0,0.0,1154.4830512618726,1154.4830512618726
t792,0.0,0.0,0.0,0.0,0.0
t793,0.0,0.0,0.0,0.0,0.0
t794,0.0,0.0,0.0,0.0,0.0
t795,0.0,0.0,0.0,3294.03415813646,3294.03415813646
t796,0.0,0.0,0.0,7761.8969998697885,7761.8969998697885
t797,0.0,0.0,0.0,5854.815364377654,5854.815364377654
t798,0.0,0.0,0.0,9079.751588348143,9079.751588348143
t799,0.0,0.0,0.0,9079.751588348143,9079.751588348143
t800,0.0,0.0,0.0,5543.434928529288,5543.434928529288
t801,0.0,0.0,0.0,7945.542840898149,7945.542840898149
t802,0.0,0.0,0.0,5048.5364417754245,5048.5364417754245
t803,0.0,0.0,0.0,5381.230306580592,5381.230306580592
t804,0.0,0.0,0.0,4557.5669430756,4557.5669430756
t805,0.0,0.0,0.0,4638.207122384821,4638.207122384821
t806,0.0,0.0,0.0,5412.909577295969,5412.909577295969
t807,0.0,0.0,0.0,5481.5874767708265,5481.5874767708265
t808,0.0,0.0,0.0,0.0,0.0
t809,0.0,0.0,0.0,0.0,0.0
t810,0.0,0.0,0.0,0.0,0.0
t811,0.0,0.0,0.0,0.0,0.0
t812,0.0,0.0,0.0,0.0,0.0
t813,0.0,0.0,0.0,0.0,0.0
t814,0.0,0.0,0.0,0.0,0.0
t815,0.0,0.0,0.0,0.0,0.0
t816,0.0,0.0,0.0,399.7889197149478,399.7889197149478
t817,0.0,0.0,0.0,0.0,0.0
t818,0.0,0.0,0.0,2231.5115535062864,2231.5115535062864
t819,0.0,0.0,0.0,1976.8307752996898,1976.8307752996898
t820,0.0,0.0,0.0,0.0,0.0
t821,0.0,0.0,0.0,0.0,0.0
t822,0.0,0.0,0.0,967.7010164926565,967.7010164926565
t823,0.0,0.0,0.0,2755.003035835694,2755.003035835694
t824,0.0,0.0,0.0,0.0,0.0
t825,0.0,0.0,0.0,33.380145210732515,33.380145210732515
t826,0.0,0.0,0.0,1664.7548870967332,1664.7548870967332
t827,0.0,0.0,0.0,4523.855247271993,4523.855247271993
t828,0.0,0.0,0.0,9.499058513198655,9.499058513198655
t829,0.0,0.0,0.0,731.0746213077932,731.0746213077932
t830,0.0,0.0,0.0,1947.3321490055423,1947.3321490055423
t831,0.0,0.0,0.0,4882.442741674978,4882.442741674978
t832,0.0,0.0,0.0,2889.8062976053316,2889.8062976053316
t833,0.0,0.0,0.0,0.0,0.0
t834,0.0,0.0,0.0,0.0,0.0
t835,0.0,0.0,0.0,0.0,0.0
t836,0.0,0.0,0.0,0.0,0.0
t837,0.0,0.0,0.0,0.0,0.0
t838,0.0,0.0,0.0,0.0,0.0
t839,0.0,0.0,0.0,0.0,0.0
t840,0.0,0.0,0.0,0.0,0.0
t841,0.0,0.0,0.0,0.0,0.0
t842,0.0,0.0,0.0,0.0,0.0
t843,0.0,0.0,0.0,0.0,0.0
t844,0.0,0.0,0.0,0.0,0.0
t845,0.0,0.0,0.0,0.0,0.0
t846,0.0,0.0,0.0,0.0,0.0
t847,0.0,0.0,0.0,0.0,0.0
t848,0.0,0.0,0.0,0.0,0.0
t849,0.0,0.0,0.0,127.5382038667292,127.5382038667292
t850,0.0,0.0,0.0,0.0,0.0
t851,0.0,0.0,0.0,7054.720530981191,7054.720530981191
t852,0.0,0.0,0.0,8067.364745149167,8067.364745149167
t853,0.0,0.0,0.0,7694.003703008711,7694.003703008711
t854,0.0,0.0,0.0,8488.574057886699,8488.574057886699
t855,0.0,0.0,0.0,8667.69513471944,8667.69513471944
t856,0.0,0.0,0.0,6720.872315429719,6720.872315429719
t857,0.0,0.0,0.0,0.0,0.0
t858,0.0,0.0,0.0,2906.1753972020606,2906.1753972020606
t859,0.0,0.0,0.0,0.0,0.0
t860,0.0,0.0,0.0,0.0,0.0
t861,0.0,0.0,0.0,0.0,0.0
t862,0.0,0.0,0.0,0.0,0.0
t863,0.0,0.0,0.0,0.0,0.0
t864,0.0,0.0,0.0,0.0,0.0
t865,0.0,0.0,0.0,0.0,0.0
t866,0.0,0.0,0.0,4981.296564128444,4981.296564128444
t867,0.0,0.0,0.0,5825.003224042654,5825.003224042654
t868,0.0,0.0,0.0,3188.047811945612,3188.047811945612
t869,0.0,0.0,0.0,6381.387920317377,6381.387920317377
t870,0.0,0.0,0.0,4281.835797032098,4281.835797032098
t871,0.0,0.0,0.0,6019.319777393379,6019.319777393379
t872,0.0,0.0,0.0,2819.3331990860315,2819.3331990860315
t873,0.0,0.0,0.0,6692.129146224294,6692.129146224294
t874,0.0,0.0,0.0,6153.9837395171035,6153.9837395171035
t875,0.0,0.0,0.0,4642.055741022474,4642.055741022474
t876,0.0,0.0,0.0,3702.005022214352,3702.005022214352
t877,0.0,0.0,0.0,3887.943491997687,3887.943491997687
t878,0.0,0.0,0.0,9079.751588348143,9079.751588348143
t879,0.0,0.0,0.0,9079.751588348143,9079.751588348143
t880,0.0,0.0,0.0,9079.751588348143,9079.751588348143
t881,0.0,0.0,0.0,8932.110411899566,8932.110411899566
t882,0.0,0.0,0.0,3683.0586532264497,3683.0586532264497
t883,0.0,0.0,0.0,6152.027555989475,6152.027555989475
t884,0.0,0.0,0.0,2359.5382885894596,2359.5382885894596
t885,0.0,0.0,0.0,1697.8454266451415,1697.8454266451415
t886,0.0,0.0,0.0,5953.903114500408,5953.903114500408
t887,0.0,0.0,0.0,5496.677104956661,5496.677104956661
t888,0.0,0.0,0.0,9079.751588348143,9079.751588348143
t889,0.0,0.0,0.0,4917.543104607963,4917.543104607963
t890,0.0,0.0,0.0,4917.543104607963,4917.543104607963
t891,0.0,0.0,0.0,4917.543104607963,4917.543104607963
t892,0.0,0.0,0.0,-0.0,0.0
t893,0.0,0.0,0.0,6260.9647188429935,6260.9647188429935
t894,0.0,0.0,0.0,8491.664594980897,8491.664594980897
t895,0.0,0.0,0.0,3456.266310688301,3456.266310688301
t896,0.0,0.0,0.0,0.0,0.0
t897,0.0,0.0,0.0,4729.753168572461,4729.753168572461
t898,0.0,0.0,0.0,1483.444745239084,1483.444745239084
t899,0.0,0.0,0.0,5760.79549419674,5760.79549419674
t900,0.0,0.0,0.0,0.0,0.0
t901,0.0,0.0,0.0,3374.67238018052,3374.67238018052
t902,0.0,0.0,0.0,5682.830182660616,5682.830182660616
t903,0.0,0.0,0.0,6892.78944472343,6892.78944472343
t904,0.0,0.0,0.0,0.0,0.0
t905,0.0,0.0,0.0,0.0,0.0
t906,0.0,0.0,0.0,0.0,0.0
t907,0.0,0.0,0.0,0.0,0.0
t908,0.0,0.0,0.0,0.0,0.0
t909,0.0,0.0,0.0,0.0,0.0
t910,0.0,0.0,0.0,4606.033046812355,4606.033046812355
t911,0.0,0.0,0.0,0.0,0.0
t912,0.0,0.0,0.0,5858.015512882539,5858.015512882539
t913,0.0,0.0,0.0,5032.301403595202,5032.301403595202
t914,0.0,0.0,0.0,0.0,0.0
t915,0.0,0.0,0.0,0.0,0.0
t916,0.0,0.0,0.0,0.0,0.0
t917,0.0,0.0,0.0,0.0,0.0
t918,0.0,0.0,0.0,0.0,0.0
t919,0.0,0.0,0.0,0.0,0.0
t920,0.0,0.0,0.0,0.0,0.0
t921,0.0,0.0,0.0,0.0,0.0
t922,0.0,0.0,0.0,0.0,0.0
t923,0.0,0.0,0.0,1095.2026730197433,1095.2026730197433
t924,0.0,0.0,0.0,1533.3399411085045,1533.3399411085045
t925,0.0,0.0,0.0,4012.773644715907,4012.773644715907
t926,0.0,0.0,0.0,4236.985638090676,4236.985638090676
t927,0.0,0.0,0.0,3607.425317087191,3607.425317087191
t928,0.0,0.0,0.0,2141.8799359510795,2141.8799359510795
t929,0.0,0.0,0.0,688.7038145304148,688.7038145304148
t930,0.0,0.0,0.0,0.0,0.0
t931,0.0,0.0,0.0,869.9443399517088,869.9443399517088
t932,0.0,0.0,0.0,0.0,0.0
t933,0.0,0.0,0.0,1681.3296220060674,1681.3296220060674
t934,0.0,0.0,0.0,0.0,0.0
t935,0.0,0.0,0.0,0.0,0.0
t936,0.0,0.0,0.0,0.0,0.0
t937,0.0,0.0,0.0,2946.820549434418,2946.820549434418
t938,0.0,0.0,0.0,7430.774108934201,7430.774108934201
t939,0.0,0.0,0.0,5872.850208160626,5872.850208160626
t940,0.0,0.0,0.0,5813.51137746425,5813.51137746425
t941,0.0,0.0,0.0,6978.674735624661,6978.674735624661
t942,0.0,0.0,0.0,5785.792036269459,5785.792036269459
t943,0.0,0.0,0.0,0.0,0.0
t944,0.0,0.0,0.0,0.0,0.0
t945,0.0,0.0,0.0,0.0,0.0
t946,0.0,0.0,0.0,0.0,0.0
t947,0.0,0.0,0.0,0.0,0.0
t948,0.0,0.0,0.0,0.0,0.0
t949,0.0,0.0,0.0,898.8789679951985,898.8789679951985
t950,0.0,0.0,0.0,207.74524718552811,207.74524718552811
t951,0.0,0.0,0.0,0.0,0.0
t952,0.0,0.0,0.0,0.0,0.0
t953,0.0,0.0,0.0,0.0,0.0
t954,0.0,0.0,0.0,0.0,0.0
t955,0.0,0.0,0.0,0.0,0.0
t956,0.0,0.0,0.0,0.0,0.0
t957,0.0,0.0,0.0,1747.4898187807985,1747.4898187807985
t958,0.0,0.0,0.0,0.0,0.0
t959,0.0,0.0,0.0,0.0,0.0
t960,0.0,0.0,0.0,0.0,0.0
t961,0.0,0.0,0.0,0.0,0.0
t962,0.0,0.0,0.0,0.0,0.0
t963,0.0,0.0,0.0,0.0,0.0
t964,0.0,0.0,0.0,0.0,0.0
t965,0.0,0.0,0.0,0.0,0.0
t966,0.0,0.0,0.0,1842.4283438800069,1842.4283438800069
t967,0.0,0.0,0.0,0.0,0.0
t968,0.0,0.0,0.0,0.0,0.0
t969,0.0,0.0,0.0,0.0,0.0
t970,0.0,0.0,0.0,3455.555486364135,3455.555486364135
t971,0.0,0.0,0.0,7103.525947169335,7103.525947169335
t972,0.0,0.0,0.0,8016.77912471649,8016.77912471649
t973,0.0,0.0,0.0,7236.534256201044,7236.534256201044
t974,0.0,0.0,0.0,7735.746554569249,7735.746554569249
t975,0.0,0.0,0.0,6978.750697100364,6978.750697100364
t976,0.0,0.0,0.0,5730.295847128353,5730.295847128353
t977,0.0,0.0,0.0,3853.082752070348,3853.082752070348
t978,0.0,0.0,0.0,3245.7444188553277,3245.7444188553277
t979,0.0,0.0,0.0,771.8402332074775,771.8402332074775
t980,0.0,0.0,0.0,4824.389470211033,4824.389470211033
t981,0.0,0.0,0.0,9079.751588348143,9079.751588348143
t982,0.0,0.0,0.0,9000.305238406958,9000.305238406958
t983,0.0,0.0,0.0,7051.985882233121,7051.985882233121
t984,0.0,0.0,0.0,4917.543104607963,4917.543104607963
t985,0.0,0.0,0.0,1743.868762606886,1743.868762606886
t986,0.0,0.0,0.0,8091.21744660904,8091.21744660904
t987,0.0,0.0,0.0,0.0,0.0
t988,0.0,0.0,0.0,0.0,0.0
t989,0.0,0.0,0.0,0.0,0.0
t990,0.0,0.0,0.0,0.0,0.0
t991,0.0,0.0,0.0,0.0,0.0
t992,0.0,0.0,0.0,0.0,0.0
t993,0.0,0.0,0.0,357.58823122465344,357.58823122465344
t994,0.0,0.0,0.0,3287.626565345967,3287.626565345967
t995,0.0,0.0,0.0,6933.295025565409,6933.295025565409
t996,0.0,0.0,0.0,7211.572290015714,7211.572290015714
t997,0.0,0.0,0.0,7745.777093744039,7745.777093744039
t998,0.0,0.0,0.0,6591.363555869016,6591.363555869016
t999,0.0,0.0,0.0,9079.751588348143,9079.751588348143
t1000,0.0,0.0,0.0,8721.150273135492,8721.150273135492
t1001,0.0,0.0,0.0,4917.543104607963,4917.543104607963
t1002,0.0,0.0,0.0,-0.0,0.0
t1003,0.0,0.0,0.0,-0.0,0.0
t1004,0.0,0.0,0.0,3068.8087711706376,3068.8087711706376
t1005,0.0,0.0,0.0,4114.738196040675,4114.738196040675
t1006,0.0,0.0,0.0,9079.751588348143,9079.751588348143
t1007,0.0,0.0,0.0,9079.751588348143,9079.751588348143
t1008,0.0,0.0,0.0,9079.751588348143,9079.751588348143
t1009,0.0,0.0,0.0,9079.751588348143,9079.751588348143
t1010,0.0,0.0,0.0,5620.951927071244,5620.951927071244
t1011,0.0,0.0,0.0,95.87579417407177,95.87579417407177
t1012,0.0,0.0,0.0,9079.751588348143,9079.751588348143
t1013,0.0,0.0,0.0,1313.5005717813403,1313.5005717813403
t1014,0.0,0.0,0.0,9079.751588348143,9079.751588348143
t1015,0.0,0.0,0.0,429.6782657978273,429.6782657978273
t1016,0.0,0.0,0.0,8569.29659839358,8569.29659839358
t1017,0.0,0.0,0.0,1826.6989474678173,1826.6989474678173
t1018,0.0,0.0,0.0,7533.633599211383,7533.633599211383
t1019,0.0,0.0,0.0,3436.987063946031,3436.987063946031
t1020,0.0,0.0,0.0,6657.337539581685,6657.337539581685
t1021,0.0,0.0,0.0,9079.751588348143,9079.751588348143
t1022,0.0,0.0,0.0,9079.751588348143,9079.751588348143
t1023,0.0,0.0,0.0,9079.751588348143,9079.751588348143
t1024,0.0,0.0,0.0,7002.9372857358185,7002.9372857358185
t1025,0.0,0.0,0.0,-0.0,0.0
t1026,0.0,0.0,0.0,-0.0,0.0
t1027,0.0,0.0,0.0,4568.009886370547,4568.009886370547
t1028,0.0,0.0,0.0,1557.8545766083912,1557.8545766083912
t1029,0.0,0.0,0.0,8571.77187263795,8571.77187263795
t1030,0.0,0.0,0.0,4098.491647974011,4098.491647974011
t1031,0.0,0.0,0.0,1800.297768886587,1800.297768886587
t1032,0.0,0.0,0.0,5376.744739471933,5376.744739471933
t1033,0.0,0.0,0.0,-0.0,0.0
t1034,0.0,0.0,0.0,9079.751588348143,9079.751588348143
t1035,0.0,0.0,0.0,1394.6498439702743,1394.6498439702743
t1036,0.0,0.0,0.0,9079.751588348143,9079.751588348143
t1037,0.0,0.0,0.0,9079.751588348143,9079.751588348143
t1038,0.0,0.0,0.0,9079.751588348143,9079.751588348143
t1039,0.0,0.0,0.0,2133.185883342387,2133.185883342387
t1040,0.0,0.0,0.0,-0.0,0.0
t1041,0.0,0.0,0.0,3640.5822500516115,3640.5822500516115
t1042,0.0,0.0,0.0,5463.896756380071,5463.896756380071
t1043,0.0,0.0,0.0,9079.751588348143,9079.751588348143
t1044,0.0,0.0,0.0,7480.151974665027,7480.151974665027
t1045,0.0,0.0,0.0,8005.267120259942,8005.267120259942
t1046,0.0,0.0,0.0,6566.8958096908755,6566.8958096908755
t1047,0.0,0.0,0.0,7046.933333932824,7046.933333932824
t1048,0.0,0.0,0.0,4917.543104607963,4917.543104607963
t1049,0.0,0.0,0.0,4917.543104607963,4917.543104607963
t1050,0.0,0.0,0.0,4917.543104607963,4917.543104607963
t1051,0.0,0.0,0.0,4917.543104607963,4917.543104607963
t1052,0.0,0.0,0.0,3307.194322830096,3307.194322830096
t1053,0.0,0.0,0.0,6527.891886385829,6527.891886385829
t1054,0.0,0.0,0.0,-0.0,0.0
t1055,0.0,0.0,0.0,4098.219729591074,4098.219729591074
t1056,0.0,0.0,0.0,-0.0,0.0
t1057,0.0,0.0,0.0,825.4256490790813,825.4256490790813
t1058,0.0,0.0,0.0,2546.8368157662576,2546.8368157662576
t1059,0.0,0.0,0.0,6924.108907483583,6924.108907483583
t1060,0.0,0.0,0.0,3219.1858090540386,3219.1858090540386
t1061,0.0,0.0,0.0,6355.032719564804,6355.032719564804
t1062,0.0,0.0,0.0,3979.155793335414,3979.155793335414
t1063,0.0,0.0,0.0,5433.490226042127,5433.490226042127
t1064,0.0,0.0,0.0,5131.42336807678,5131.42336807678
t1065,0.0,0.0,0.0,4085.936942557261,4085.936942557261
t1066,0.0,0.0,0.0,6589.320672140805,6589.320672140805
t1067,0.0,0.0,0.0,7997.895656390684,7997.895656390684
t1068,0.0,0.0,0.0,9017.292239881197,9017.292239881197
t1069,0.0,0.0,0.0,7879.368131594335,7879.368131594335
t1070,0.0,0.0,0.0,7992.178138712175,7992.178138712175
t1071,0.0,0.0,0.0,6440.905083673718,6440.905083673718
t1072,0.0,0.0,0.0,0.0,0.0
t1073,0.0,0.0,0.0,0.0,0.0
t1074,0.0,0.0,0.0,0.0,0.0
t1075,0.0,0.0,0.0,0.0,0.0
t1076,0.0,0.0,0.0,0.0,0.0
t1077,0.0,0.0,0.0,0.0,0.0
t1078,0.0,0.0,0.0,0.0,0.0
t1079,0.0,0.0,0.0,0.0,0.0
t1080,0.0,0.0,0.0,0.0,0.0
t1081,0.0,0.0,0.0,0.0,0.0
t1082,0.0,0.0,0.0,0.0,0.0
t1083,0.0,0.0,0.0,0.0,0.0
t1084,0.0,0.0,0.0,0.0,0.0
t1085,0.0,0.0,0.0,0.0,0.0
t1086,0.0,0.0,0.0,0.0,0.0
t1087,0.0,0.0,0.0,0.0,0.0
t1088,0.0,0.0,0.0,0.0,0.0
t1089,0.0,0.0,0.0,4998.841384573811,4998.841384573811
t1090,0.0,0.0,0.0,6499.421683475198,6499.421683475198
t1091,0.0,0.0,0.0,7996.929045817711,7996.929045817711
t1092,0.0,0.0,0.0,8526.460744830843,8526.460744830843
t1093,0.0,0.0,0.0,8546.794620224136,8546.794620224136
t1094,0.0,0.0,0.0,8373.376440626043,8373.376440626043
t1095,0.0,0.0,0.0,5555.496928297005,5555.496928297005
t1096,0.0,0.0,0.0,4917.543104607963,4917.543104607963
t1097,0.0,0.0,0.0,3923.5263676364475,3923.5263676364475
t1098,0.0,0.0,0.0,5911.5598415794775,5911.5598415794775
t1099,0.0,0.0,0.0,-0.0,0.0
t1100,0.0,0.0,0.0,6302.998073517566,6302.998073517566
t1101,0.0,0.0,0.0,-0.0,0.0
t1102,0.0,0.0,0.0,-0.0,0.0
t1103,0.0,0.0,0.0,0.0,0.0
t1104,0.0,0.0,0.0,9079.751588348143,9079.751588348143
t1105,0.0,0.0,0.0,2476.5880447662266,2476.5880447662266
t1106,0.0,0.0,0.0,8104.692948784731,8104.692948784731
t1107,0.0,0.0,0.0,16.875794174072034,16.875794174072034
t1108,0.0,0.0,0.0,9079.751588348143,9079.751588348143
t1109,0.0,0.0,0.0,7439.37800776278,7439.37800776278
t1110,0.0,0.0,0.0,3610.4926956721783,3610.4926956721783
t1111,0.0,0.0,0.0,4450.357273615392,4450.357273615392
t1112,0.0,0.0,0.0,-0.0,0.0
t1113,0.0,0.0,0.0,9079.751588348143,9079.751588348143
t1114,0.0,0.0,0.0,1394.6498439702743,1394.6498439702743
t1115,0.0,0.0,0.0,8181.584882875481,8181.584882875481
t1116,0.0,0.0,0.0,1872.593221018561,1872.593221018561
t1117,0.0,0.0,0.0,9079.751588348143,9079.751588348143
t1118,0.0,0.0,0.0,5695.019501388886,5695.019501388886
t1119,0.0,0.0,0.0,9079.751588348143,9079.751588348143
t1120,0.0,0.0,0.0,9079.751588348143,9079.751588348143
t1121,0.0,0.0,0.0,9079.751588348143,9079.751588348143
t1122,0.0,0.0,0.0,4746.78869135908,4746.78869135908
t1123,0.0,0.0,0.0,-0.0,0.0
t1124,0.0,0.0,0.0,9079.751588348143,9079.751588348143
t1125,0.0,0.0,0.0,5843.632138724629,5843.632138724629
t1126,0.0,0.0,0.0,2524.677566746497,2524.677566746497
t1127,0.0,0.0,0.0,3635.024544227222,3635.024544227222
t1128,0.0,0.0,0.0,3933.4016203106767,3933.4016203106767
t1129,0.0,0.0,0.0,6849.115693922809,6849.115693922809
t1130,0.0,0.0,0.0,1413.8035131503761,1413.8035131503761
t1131,0.0,0.0,0.0,6857.1671564028975,6857.1671564028975
t1132,0.0,0.0,0.0,4553.396061105232,4553.396061105232
t1133,0.0,0.0,0.0,5217.606490872912,5217.606490872912
t1134,0.0,0.0,0.0,1621.3372182222745,1621.3372182222745
t1135,0.0,0.0,0.0,985.5103690217649,985.5103690217649
t1136,0.0,0.0,0.0,1577.3350947210174,1577.3350947210174
t1137,0.0,0.0,0.0,3623.953984568817,3623.953984568817
t1138,0.0,0.0,0.0,5264.111505701645,5264.111505701645
t1139,0.0,0.0,0.0,6060.758989360579,6060.758989360579
t1140,0.0,0.0,0.0,8502.86108146534,8502.86108146534
t1141,0.0,0.0,0.0,7057.7488760166525,7057.7488760166525
t1142,0.0,0.0,0.0,6992.9767724697585,6992.9767724697585
t1143,0.0,0.0,0.0,6199.889215905212,6199.889215905212
t1144,0.0,0.0,0.0,3779.622347162628,3779.622347162628
t1145,0.0,0.0,0.0,696.5750658414436,696.5750658414436
t1146,0.0,0.0,0.0,-0.0,0.0
t1147,0.0,0.0,0.0,9079.751588348143,9079.751588348143
t1148,0.0,0.0,0.0,8352.449682958895,8352.449682958895
t1149,0.0,0.0,0.0,9079.751588348143,9079.751588348143
t1150,0.0,0.0,0.0,9079.751588348143,9079.751588348143
t1151,0.0,0.0,0.0,-0.0,0.0
t1152,0.0,0.0,0.0,-0.0,0.0
t1153,0.0,0.0,0.0,-0.0,0.0
t1154,0.0,0.0,0.0,6182.831373899889,6182.831373899889
t1155,0.0,0.0,0.0,221.8757941740721,221.8757941740721
t1156,0.0,0.0,0.0,8891.955916159208,8891.955916159208
t1157,0.0,0.0,0.0,1843.0953584923175,1843.0953584923175
t1158,0.0,0.0,0.0,7230.260419338917,7230.260419338917
t1159,0.0,0.0,0.0,4156.662827889541,4156.662827889541
t1160,0.0,0.0,0.0,4364.948512352574,4364.948512352574
t1161,0.0,0.0,0.0,5385.2591674929245,5385.2591674929245
t1162,0.0,0.0,0.0,7519.175453712626,7519.175453712626
t1163,0.0,0.0,0.0,6536.779376386069,6536.779376386069
t1164,0.0,0.0,0.0,8356.593544244546,8356.593544244546
t1165,0.0,0.0,0.0,8324.593544244546,8324.593544244546
t1166,0.0,0.0,0.0,8006.786400258599,8006.786400258599
t1167,0.0,0.0,0.0,6577.415089689534,6577.415089689534
t1168,0.0,0.0,0.0,4331.819313159451,4331.819313159451
t1169,0.0,0.0,0.0,1066.7202842696213,1066.7202842696213
t1170,0.0,0.0,0.0,0.0,0.0
t1171,0.0,0.0,0.0,5822.001580696457,5822.001580696457
t1172,0.0,0.0,0.0,-0.0,0.0
t1173,0.0,0.0,0.0,-0.0,0.0
t1174,0.0,0.0,0.0,9079.751588348143,9079.751588348143
t1175,0.0,0.0,0.0,5672.877725475746,5672.877725475746
t1176,0.0,0.0,0.0,-0.0,0.0
t1177,0.0,0.0,0.0,0.0,0.0
t1178,0.0,0.0,0.0,0.0,0.0
t1179,0.0,0.0,0.0,0.0,0.0
t1180,0.0,0.0,0.0,0.0,0.0
t1181,0.0,0.0,0.0,0.0,0.0
t1182,0.0,0.0,0.0,0.0,0.0
t1183,0.0,0.0,0.0,0.0,0.0
t1184,0.0,0.0,0.0,0.0,0.0
t1185,0.0,0.0,0.0,-0.0,0.0
t1186,0.0,0.0,0.0,3978.986419521254,3978.986419521254
t1187,0.0,0.0,0.0,8855.244292815243,8855.244292815243
t1188,0.0,0.0,0.0,7489.645291813192,7489.645291813192
t1189,0.0,0.0,0.0,7346.814757845819,7346.814757845819
t1190,0.0,0.0,0.0,9079.751588348143,9079.751588348143
t1191,0.0,0.0,0.0,5074.323334076045,5074.323334076045
t1192,0.0,0.0,0.0,6042.329498695158,6042.329498695158
t1193,0.0,0.0,0.0,4116.959507621038,4116.959507621038
t1194,0.0,0.0,0.0,329.53790770925997,329.53790770925997
t1195,0.0,0.0,0.0,25.248771949155646,25.248771949155646
t1196,0.0,0.0,0.0,1656.0295940826259,1656.0295940826259
t1197,0.0,0.0,0.0,4160.124142540598,4160.124142540598
t1198,0.0,0.0,0.0,5558.622514101781,5558.622514101781
t1199,0.0,0.0,0.0,9079.751588348143,9079.751588348143
t1200,0.0,0.0,0.0,-0.0,0.0
t1201,0.0,0.0,0.0,9079.751588348143,9079.751588348143
t1202,0.0,0.0,0.0,5755.498395031871,5755.498395031871
t1203,0.0,0.0,0.0,9079.751588348143,9079.751588348143
t1204,0.0,0.0,0.0,8112.559032683929,8112.559032683929
t1205,0.0,0.0,0.0,9052.103600837656,9052.103600837656
t1206,0.0,0.0,0.0,4917.543104607963,4917.543104607963
t1207,0.0,0.0,0.0,4917.543104607963,4917.543104607963
t1208,0.0,0.0,0.0,1699.6021269148894,1699.6021269148894
t1209,0.0,0.0,0.0,934.2085447458217,934.2085447458217
t1210,0.0,0.0,0.0,6691.617335111852,6691.617335111852
t1211,0.0,0.0,0.0,6202.791076406211,6202.791076406211
t1212,0.0,0.0,0.0,7256.946272497823,7256.946272497823
t1213,0.0,0.0,0.0,6720.093271971182,6720.093271971182
t1214,0.0,0.0,0.0,4917.543104607963,4917.543104607963
t1215,0.0,0.0,0.0,4917.543104607963,4917.543104607963
t1216,0.0,0.0,0.0,0.0,0.0
t1217,0.0,0.0,0.0,0.0,0.0
t1218,0.0,0.0,0.0,0.0,0.0
t1219,0.0,0.0,0.0,1591.8396603995038,1591.8396603995038
t1220,0.0,0.0,0.0,2051.7060276980383,2051.7060276980383
t1221,0.0,0.0,0.0,0.0,0.0
t1222,0.0,0.0,0.0,0.0,0.0
t1223,0.0,0.0,0.0,0.0,0.0
t1224,0.0,0.0,0.0,0.0,0.0
t1225,0.0,0.0,0.0,0.0,0.0
t1226,0.0,0.0,0.0,0.0,0.0
t1227,0.0,0.0,0.0,0.0,0.0
t1228,0.0,0.0,0.0,0.0,0.0
t1229,0.0,0.0,0.0,0.0,0.0
t1230,0.0,0.0,0.0,0.0,0.0
t1231,0.0,0.0,0.0,0.0,0.0
t1232,0.0,0.0,0.0,0.0,0.0
t1233,0.0,0.0,0.0,0.0,0.0
t1234,0.0,0.0,0.0,5112.014946228969,5112.014946228969
t1235,0.0,0.0,0.0,9079.751588348143,9079.751588348143
t1236,0.0,0.0,0.0,9079.751588348143,9079.751588348143
t1237,0.0,0.0,0.0,9079.751588348143,9079.751588348143
t1238,0.0,0.0,0.0,7105.604426145324,7105.604426145324
t1239,0.0,0.0,0.0,6184.197779158164,6184.197779158164
t1240,0.0,0.0,0.0,0.0,0.0
t1241,0.0,0.0,0.0,0.0,0.0
t1242,0.0,0.0,0.0,0.0,0.0
t1243,0.0,0.0,0.0,9079.751588348143,9079.751588348143
t1244,0.0,0.0,0.0,8683.427293278308,8683.427293278308
t1245,0.0,0.0,0.0,0.0,0.0
t1246,0.0,0.0,0.0,0.0,0.0
t1247,0.0,0.0,0.0,0.0,0.0
t1248,0.0,0.0,0.0,0.0,0.0
t1249,0.0,0.0,0.0,0.0,0.0
t1250,0.0,0.0,0.0,0.0,0.0
t1251,0.0,0.0,0.0,0.0,0.0
t1252,0.0,0.0,0.0,0.0,0.0
t1253,0.0,0.0,0.0,0.0,0.0
t1254,0.0,0.0,0.0,0.0,0.0
t1255,0.0,0.0,0.0,0.0,0.0
t1256,0.0,0.0,0.0,0.0,0.0
t1257,0.0,0.0,0.0,0.0,0.0
t1258,0.0,0.0,0.0,2939.871331922406,2939.871331922406
t1259,0.0,0.0,0.0,5818.153192548534,5818.153192548534
t1260,0.0,0.0,0.0,5769.530506478761,5769.530506478761
t1261,0.0,0.0,0.0,7360.517562885136,7360.517562885136
t1262,0.0,0.0,0.0,4364.62749689656,4364.62749689656
t1263,0.0,0.0,0.0,4997.354876252483,4997.354876252483
t1264,0.0,0.0,0.0,0.0,0.0
t1265,0.0,0.0,0.0,0.0,0.0
t1266,0.0,0.0,0.0,0.0,0.0
t1267,0.0,0.0,0.0,0.0,0.0
t1268,0.0,0.0,0.0,0.0,0.0
t1269,0.0,0.0,0.0,0.0,0.0
t1270,0.0,0.0,0.0,0.0,0.0
t1271,0.0,0.0,0.0,0.0,0.0
t1272,0.0,0.0,0.0,0.0,0.0
t1273,0.0,0.0,0.0,0.0,0.0
t1274,0.0,0.0,0.0,0.0,0.0
t1275,0.0,0.0,0.0,0.0,0.0
t1276,0.0,0.0,0.0,0.0,0.0
t1277,0.0,0.0,0.0,0.0,0.0
t1278,0.0,0.0,0.0,0.0,0.0
t1279,0.0,0.0,0.0,0.0,0.0
t1280,0.0,0.0,0.0,0.0,0.0
t1281,0.0,0.0,0.0,0.0,0.0
t1282,0.0,0.0,0.0,4244.780924226384,4244.780924226384
t1283,0.0,0.0,0.0,9022.662303350022,9022.662303350022
t1284,0.0,0.0,0.0,7371.19986328362,7371.19986328362
t1285,0.0,0.0,0.0,6656.283244439929,6656.283244439929
t1286,0.0,0.0,0.0,4023.404771368658,4023.404771368658
t1287,0.0,0.0,0.0,896.870586399829,896.870586399829
t1288,0.0,0.0,0.0,0.0,0.0
t1289,0.0,0.0,0.0,0.0,0.0
t1290,0.0,0.0,0.0,0.0,0.0
t1291,0.0,0.0,0.0,0.0,0.0
t1292,0.0,0.0,0.0,0.0,0.0
t1293,0.0,0.0,0.0,0.0,0.0
t1294,0.0,0.0,0.0,0.0,0.0
t1295,0.0,0.0,0.0,0.0,0.0
t1296,0.0,0.0,0.0,0.0,0.0
t1297,0.0,0.0,0.0,0.0,0.0
t1298,0.0,0.0,0.0,0.0,0.0
t1299,0.0,0.0,0.0,0.0,0.0
t1300,0.0,0.0,0.0,0.0,0.0
t1301,0.0,0.0,0.0,0.0,0.0
t1302,0.0,0.0,0.0,0.0,0.0
t1303,0.0,0.0,0.0,0.0,0.0
t1304,0.0,0.0,0.0,0.0,0.0
t1305,0.0,0.0,0.0,0.0,0.0
t1306,0.0,0.0,0.0,3613.2555800441005,3613.2555800441005
t1307,0.0,0.0,0.0,8393.809404642747,8393.809404642747
t1308,0.0,0.0,0.0,8625.281193039154,8625.281193039154
t1309,0.0,0.0,0.0,7973.0826293835335,7973.0826293835335
t1310,0.0,0.0,0.0,7427.495803747061,7427.495803747061
t1311,0.0,0.0,0.0,3854.7198820520484,3854.7198820520484
t1312,0.0,0.0,0.0,0.0,0.0
t1313,0.0,0.0,0.0,0.0,0.0
t1314,0.0,0.0,0.0,0.0,0.0
t1315,0.0,0.0,0.0,0.0,0.0
t1316,0.0,0.0,0.0,0.0,0.0
t1317,0.0,0.0,0.0,0.0,0.0
t1318,0.0,0.0,0.0,0.0,0.0
t1319,0.0,0.0,0.0,0.0,0.0
t1320,0.0,0.0,0.0,0.0,0.0
t1321,0.0,0.0,0.0,0.0,0.0
t1322,0.0,0.0,0.0,0.0,0.0
t1323,0.0,0.0,0.0,0.0,0.0
t1324,0.0,0.0,0.0,0.0,0.0
t1325,0.0,0.0,0.0,0.0,0.0
t1326,0.0,0.0,0.0,0.0,0.0
t1327,0.0,0.0,0.0,0.0,0.0
t1328,0.0,0.0,0.0,0.0,0.0
t1329,0.0,0.0,0.0,0.0,0.0
t1330,0.0,0.0,0.0,3478.9232355876597,3478.9232355876597
t1331,0.0,0.0,0.0,7189.493998815722,7189.493998815722
t1332,0.0,0.0,0.0,8245.149659570265,8245.149659570265
t1333,0.0,0.0,0.0,8720.035147374496,8720.035147374496
t1334,0.0,0.0,0.0,8171.877438395,8171.877438395
t1335,0.0,0.0,0.0,4082.165013165513,4082.165013165513
t1336,0.0,0.0,0.0,0.0,0.0
t1337,0.0,0.0,0.0,0.0,0.0
t1338,0.0,0.0,0.0,0.0,0.0
t1339,0.0,0.0,0.0,0.0,0.0
t1340,0.0,0.0,0.0,0.0,0.0
t1341,0.0,0.0,0.0,0.0,0.0
t1342,0.0,0.0,0.0,0.0,0.0
t1343,0.0,0.0,0.0,0.0,0.0
t1344,0.0,0.0,0.0,0.0,0.0
t1345,0.0,0.0,0.0,0.0,0.0
t1346,0.0,0.0,0.0,0.0,0.0
t1347,0.0,0.0,0.0,0.0,0.0
t1348,0.0,0.0,0.0,0.0,0.0
t1349,0.0,0.0,0.0,0.0,0.0
t1350,0.0,0.0,0.0,0.0,0.0
t1351,0.0,0.0,0.0,0.0,0.0
t1352,0.0,0.0,0.0,0.0,0.0
t1353,0.0,0.0,0.0,0.0,0.0
t1354,0.0,0.0,0.0,8176.663188610183,8176.663188610183
t1355,0.0,0.0,0.0,6287.060219051538,6287.060219051538
t1356,0.0,0.0,0.0,6526.8289811725135,6526.8289811725135
t1357,0.0,0.0,0.0,6561.3615378086715,6561.3615378086715
t1358,0.0,0.0,0.0,9079.751588348143,9079.751588348143
t1359,0.0,0.0,0.0,6506.994409603248,6506.994409603248
t1360,0.0,0.0,0.0,9079.751588348143,9079.751588348143
t1361,0.0,0.0,0.0,-0.0,0.0
t1362,0.0,0.0,0.0,0.0,0.0
t1363,0.0,0.0,0.0,0.0,0.0
t1364,0.0,0.0,0.0,0.0,0.0
t1365,0.0,0.0,0.0,0.0,0.0
t1366,0.0,0.0,0.0,0.0,0.0
t1367,0.0,0.0,0.0,0.0,0.0
t1368,0.0,0.0,0.0,137.4319981276229,137.4319981276229
t1369,0.0,0.0,0.0,1076.5093211464218,1076.5093211464218
t1370,0.0,0.0,0.0,1569.1787523281644,1569.1787523281644
t1371,0.0,0.0,0.0,1804.4090722679098,1804.4090722679098
t1372,0.0,0.0,0.0,1815.6399608082552,1815.6399608082552
t1373,0.0,0.0,0.0,1418.7768010270313,1418.7768010270313
t1374,0.0,0.0,0.0,157.33161013393166,157.33161013393166
t1375,0.0,0.0,0.0,0.0,0.0
t1376,0.0,0.0,0.0,0.0,0.0
t1377,0.0,0.0,0.0,0.0,0.0
t1378,0.0,0.0,0.0,2448.357360142587,2448.357360142587
t1379,0.0,0.0,0.0,4838.829889009833,4838.829889009833
t1380,0.0,0.0,0.0,5571.8560079964855,5571.8560079964855
t1381,0.0,0.0,0.0,4286.540192604665,4286.540192604665
t1382,0.0,0.0,0.0,3244.5536064410685,3244.5536064410685
t1383,0.0,0.0,0.0,3589.7784930349276,3589.7784930349276
t1384,0.0,0.0,0.0,355.71520895348914,355.71520895348914
t1385,0.0,0.0,0.0,0.0,0.0
t1386,0.0,0.0,0.0,0.0,0.0
t1387,0.0,0.0,0.0,0.0,0.0
t1388,0.0,0.0,0.0,0.0,0.0
t1389,0.0,0.0,0.0,0.0,0.0
t1390,0.0,0.0,0.0,0.0,0.0
t1391,0.0,0.0,0.0,0.0,0.0
t1392,0.0,0.0,0.0,0.0,0.0
t1393,0.0,0.0,0.0,941.9104298008842,941.9104298008842
t1394,0.0,0.0,0.0,0.0,0.0
t1395,0.0,0.0,0.0,371.56010010337314,371.56010010337314
t1396,0.0,0.0,0.0,2047.122178611237,2047.122178611237
t1397,0.0,0.0,0.0,1547.4784437316305,1547.4784437316305
t1398,0.0,0.0,0.0,534.472237084296,534.472237084296
t1399,0.0,0.0,0.0,0.0,0.0
t1400,0.0,0.0,0.0,0.0,0.0
t1401,0.0,0.0,0.0,0.0,0.0
t1402,0.0,0.0,0.0,2627.933381119967,2627.933381119967
t1403,0.0,0.0,0.0,5502.900706926886,5502.900706926886
t1404,0.0,0.0,0.0,7097.794002976424,7097.794002976424
t1405,0.0,0.0,0.0,7717.121694082011,7717.121694082011
t1406,0.0,0.0,0.0,7859.4550937717595,7859.4550937717595
t1407,0.0,0.0,0.0,6710.787455108137,6710.787455108137
t1408,0.0,0.0,0.0,0.0,0.0
t1409,0.0,0.0,0.0,0.0,0.0
t1410,0.0,0.0,0.0,0.0,0.0
t1411,0.0,0.0,0.0,0.0,0.0
t1412,0.0,0.0,0.0,0.0,0.0
t1413,0.0,0.0,0.0,0.0,0.0
t1414,0.0,0.0,0.0,0.0,0.0
t1415,0.0,0.0,0.0,0.0,0.0
t1416,0.0,0.0,0.0,0.0,0.0
t1417,0.0,0.0,0.0,0.0,0.0
t1418,0.0,0.0,0.0,0.0,0.0
t1419,0.0,0.0,0.0,0.0,0.0
t1420,0.0,0.0,0.0,2140.0006819296555,2140.0006819296555
t1421,0.0,0.0,0.0,0.0,0.0
t1422,0.0,0.0,0.0,0.0,0.0
t1423,0.0,0.0,0.0,0.0,0.0
t1424,0.0,0.0,0.0,0.0,0.0
t1425,0.0,0.0,0.0,0.0,0.0
t1426,0.0,0.0,0.0,739.8150219769093,739.8150219769093
t1427,0.0,0.0,0.0,8646.355329172862,8646.355329172862
t1428,0.0,0.0,0.0,9079.751588348143,9079.751588348143
t1429,0.0,0.0,0.0,6647.687569310296,6647.687569310296
t1430,0.0,0.0,0.0,9079.751588348143,9079.751588348143
t1431,0.0,0.0,0.0,9079.751588348143,9079.751588348143
t1432,0.0,0.0,0.0,4917.543104607963,4917.543104607963
t1433,0.0,0.0,0.0,2288.6321431933206,2288.6321431933206
t1434,0.0,0.0,0.0,0.0,0.0
t1435,0.0,0.0,0.0,0.0,0.0
t1436,0.0,0.0,0.0,0.0,0.0
t1437,0.0,0.0,0.0,3659.584082644029,3659.584082644029
t1438,0.0,0.0,0.0,0.0,0.0
t1439,0.0,0.0,0.0,0.0,0.0
t1440,0.0,0.0,0.0,0.0,0.0
t1441,0.0,0.0,0.0,0.0,0.0
t1442,0.0,0.0,0.0,0.0,0.0
t1443,0.0,0.0,0.0,0.0,0.0
t1444,0.0,0.0,0.0,0.0,0.0
t1445,0.0,0.0,0.0,0.0,0.0
t1446,0.0,0.0,0.0,0.0,0.0
t1447,0.0,0.0,0.0,0.0,0.0
t1448,0.0,0.0,0.0,0.0,0.0
t1449,0.0,0.0,0.0,0.0,0.0
t1450,0.0,0.0,0.0,7879.573803671784,7879.573803671784
t1451,0.0,0.0,0.0,7560.590493895015,7560.590493895015
t1452,0.0,0.0,0.0,7679.709826968036,7679.709826968036
t1453,0.0,0.0,0.0,7017.061799346456,7017.061799346456
t1454,0.0,0.0,0.0,4360.563318457823,4360.563318457823
t1455,0.0,0.0,0.0,1732.1617190309232,1732.1617190309232
t1456,0.0,0.0,0.0,0.0,0.0
t1457,0.0,0.0,0.0,0.0,0.0
t1458,0.0,0.0,0.0,0.0,0.0
t1459,0.0,0.0,0.0,0.0,0.0
t1460,0.0,0.0,0.0,0.0,0.0
t1461,0.0,0.0,0.0,0.0,0.0
t1462,0.0,0.0,0.0,0.0,0.0
t1463,0.0,0.0,0.0,0.0,0.0
t1464,0.0,0.0,0.0,0.0,0.0
t1465,0.0,0.0,0.0,0.0,0.0
t1466,0.0,0.0,0.0,0.0,0.0
t1467,0.0,0.0,0.0,0.0,0.0
t1468,0.0,0.0,0.0,0.0,0.0
t1469,0.0,0.0,0.0,0.0,0.0
t1470,0.0,0.0,0.0,0.0,0.0
t1471,0.0,0.0,0.0,0.0,0.0
t1472,0.0,0.0,0.0,0.0,0.0
t1473,0.0,0.0,0.0,0.0,0.0
t1474,0.0,0.0,0.0,3000.4636412564832,3000.4636412564832
t1475,0.0,0.0,0.0,4678.67971243652,4678.67971243652
t1476,0.0,0.0,0.0,4628.013985358387,4628.013985358387
t1477,0.0,0.0,0.0,4679.243799201333,4679.243799201333
t1478,0.0,0.0,0.0,4361.806092245152,4361.806092245152
t1479,0.0,0.0,0.0,3657.555928249027,3657.555928249027
t1480,0.0,0.0,0.0,0.0,0.0
t1481,0.0,0.0,0.0,0.0,0.0
t1482,0.0,0.0,0.0,0.0,0.0
t1483,0.0,0.0,0.0,0.0,0.0
t1484,0.0,0.0,0.0,0.0,0.0
t1485,0.0,0.0,0.0,0.0,0.0
t1486,0.0,0.0,0.0,0.0,0.0
t1487,0.0,0.0,0.0,0.0,0.0
t1488,0.0,0.0,0.0,0.0,0.0
t1489,0.0,0.0,0.0,0.0,0.0
t1490,0.0,0.0,0.0,0.0,0.0
t1491,0.0,0.0,0.0,0.0,0.0
t1492,0.0,0.0,0.0,0.0,0.0
t1493,0.0,0.0,0.0,0.0,0.0
t1494,0.0,0.0,0.0,0.0,0.0
t1495,0.0,0.0,0.0,0.0,0.0
t1496,0.0,0.0,0.0,0.0,0.0
t1497,0.0,0.0,0.0,0.0,0.0
t1498,0.0,0.0,0.0,0.0,0.0
t1499,0.0,0.0,0.0,2102.020544758098,2102.020544758098
t1500,0.0,0.0,0.0,904.3124727162564,904.3124727162564
t1501,0.0,0.0,0.0,1537.2884511498607,1537.2884511498607
t1502,0.0,0.0,0.0,3427.9734677708743,3427.9734677708743
t1503,0.0,0.0,0.0,2678.1610276604865,2678.1610276604865
t1504,0.0,0.0,0.0,0.0,0.0
t1505,0.0,0.0,0.0,0.0,0.0
t1506,0.0,0.0,0.0,0.0,0.0
t1507,0.0,0.0,0.0,0.0,0.0
t1508,0.0,0.0,0.0,0.0,0.0
t1509,0.0,0.0,0.0,1410.2577936913808,1410.2577936913808
t1510,0.0,0.0,0.0,0.0,0.0
t1511,0.0,0.0,0.0,4863.820754075029,4863.820754075029
t1512,0.0,0.0,0.0,1468.026957102741,1468.026957102741
t1513,0.0,0.0,0.0,9079.751588348143,9079.751588348143
t1514,0.0,0.0,0.0,9079.751588348143,9079.751588348143
t1515,0.0,0.0,0.0,6526.27478383444,6526.27478383444
t1516,0.0,0.0,0.0,8912.529451723192,8912.529451723192
t1517,0.0,0.0,0.0,7316.7945236481855,7316.7945236481855
t1518,0.0,0.0,0.0,4917.543104607963,4917.543104607963
t1519,0.0,0.0,0.0,0.0,0.0
t1520,0.0,0.0,0.0,0.0,0.0
t1521,0.0,0.0,0.0,0.0,0.0
t1522,0.0,0.0,0.0,3360.1350966015843,3360.1350966015843
t1523,0.0,0.0,0.0,3389.0576809956874,3389.0576809956874
t1524,0.0,0.0,0.0,0.0,0.0
t1525,0.0,0.0,0.0,0.0,0.0
t1526,0.0,0.0,0.0,0.0,0.0
t1527,0.0,0.0,0.0,0.0,0.0
t1528,0.0,0.0,0.0,0.0,0.0
t1529,0.0,0.0,0.0,0.0,0.0
t1530,0.0,0.0,0.0,0.0,0.0
t1531,0.0,0.0,0.0,0.0,0.0
t1532,0.0,0.0,0.0,0.0,0.0
t1533,0.0,0.0,0.0,0.0,0.0
t1534,0.0,0.0,0.0,83.97705182114157,83.97705182114157
t1535,0.0,0.0,0.0,4601.3014046426615,4601.3014046426615
t1536,0.0,0.0,0.0,2531.954149970962,2531.954149970962
t1537,0.0,0.0,0.0,609.8932074206896,609.8932074206896
t1538,0.0,0.0,0.0,0.0,0.0
t1539,0.0,0.0,0.0,0.0,0.0
t1540,0.0,0.0,0.0,0.0,0.0
t1541,0.0,0.0,0.0,0.0,0.0
t1542,0.0,0.0,0.0,0.0,0.0
t1543,0.0,0.0,0.0,0.0,0.0
t1544,0.0,0.0,0.0,0.0,0.0
t1545,0.0,0.0,0.0,0.0,0.0
t1546,0.0,0.0,0.0,7736.81438008284,7736.81438008284
t1547,0.0,0.0,0.0,5112.412605886638,5112.412605886638
t1548,0.0,0.0,0.0,8323.006134729098,8323.006134729098
t1549,0.0,0.0,0.0,5783.072816198361,5783.072816198361
t1550,0.0,0.0,0.0,9079.751588348143,9079.751588348143
t1551,0.0,0.0,0.0,9079.751588348143,9079.751588348143
t1552,0.0,0.0,0.0,6865.38272402029,6865.38272402029
t1553,0.0,0.0,0.0,0.0,0.0
t1554,0.0,0.0,0.0,0.0,0.0
t1555,0.0,0.0,0.0,0.0,0.0
t1556,0.0,0.0,0.0,0.0,0.0
t1557,0.0,0.0,0.0,0.0,0.0
t1558,0.0,0.0,0.0,0.0,0.0
t1559,0.0,0.0,0.0,0.0,0.0
t1560,0.0,0.0,0.0,0.0,0.0
t1561,0.0,0.0,0.0,0.0,0.0
t1562,0.0,0.0,0.0,0.0,0.0
t1563,0.0,0.0,0.0,0.0,0.0
t1564,0.0,0.0,0.0,0.0,0.0
t1565,0.0,0.0,0.0,0.0,0.0
t1566,0.0,0.0,0.0,0.0,0.0
t1567,0.0,0.0,0.0,0.0,0.0
t1568,0.0,0.0,0.0,0.0,0.0
t1569,0.0,0.0,0.0,0.0,0.0
t1570,0.0,0.0,0.0,0.0,0.0
t1571,0.0,0.0,0.0,3543.7495646375,3543.7495646375
t1572,0.0,0.0,0.0,5575.172109335961,5575.172109335961
t1573,0.0,0.0,0.0,3446.2253413218264,3446.2253413218264
t1574,0.0,0.0,0.0,4198.660637706199,4198.660637706199
t1575,0.0,0.0,0.0,3707.7207480166076,3707.7207480166076
t1576,0.0,0.0,0.0,339.4934490851322,339.4934490851322
t1577,0.0,0.0,0.0,0.0,0.0
t1578,0.0,0.0,0.0,0.0,0.0
t1579,0.0,0.0,0.0,0.0,0.0
t1580,0.0,0.0,0.0,0.0,0.0
t1581,0.0,0.0,0.0,0.0,0.0
t1582,0.0,0.0,0.0,0.0,0.0
t1583,0.0,0.0,0.0,0.0,0.0
t1584,0.0,0.0,0.0,0.0,0.0
t1585,0.0,0.0,0.0,0.0,0.0
t1586,0.0,0.0,0.0,0.0,0.0
t1587,0.0,0.0,0.0,0.0,0.0
t1588,0.0,0.0,0.0,3102.0972358752933,3102.0972358752933
t1589,0.0,0.0,0.0,751.0191641364586,751.0191641364586
t1590,0.0,0.0,0.0,0.0,0.0
t1591,0.0,0.0,0.0,157.07009214102465,157.07009214102465
t1592,0.0,0.0,0.0,0.0,0.0
t1593,0.0,0.0,0.0,4546.749333135754,4546.749333135754
t1594,0.0,0.0,0.0,7136.094589774562,7136.094589774562
t1595,0.0,0.0,0.0,5705.945287224001,5705.945287224001
t1596,0.0,0.0,0.0,6944.316898484253,6944.316898484253
t1597,0.0,0.0,0.0,7081.216812857258,7081.216812857258
t1598,0.0,0.0,0.0,6025.972587142883,6025.972587142883
t1599,0.0,0.0,0.0,2447.348984289933,2447.348984289933
t1600,0.0,0.0,0.0,0.0,0.0
t1601,0.0,0.0,0.0,0.0,0.0
t1602,0.0,0.0,0.0,0.0,0.0
t1603,0.0,0.0,0.0,0.0,0.0
t1604,0.0,0.0,0.0,0.0,0.0
t1605,0.0,0.0,0.0,0.0,0.0
t1606,0.0,0.0,0.0,0.0,0.0
t1607,0.0,0.0,0.0,0.0,0.0
t1608,0.0,0.0,0.0,0.0,0.0
t1609,0.0,0.0,0.0,0.0,0.0
t1610,0.0,0.0,0.0,0.0,0.0
t1611,0.0,0.0,0.0,540.973120837398,540.973120837398
t1612,0.0,0.0,0.0,8621.87193887137,8621.87193887137
t1613,0.0,0.0,0.0,1782.1991792874155,1782.1991792874155
t1614,0.0,0.0,0.0,9079.751588348143,9079.751588348143
t1615,0.0,0.0,0.0,3106.810150538288,3106.810150538288
t1616,0.0,0.0,0.0,8914.255075522373,8914.255075522373
t1617,0.0,0.0,0.0,562.226020432262,562.226020432262
t1618,0.0,0.0,0.0,3891.6622661412994,3891.6622661412994
t1619,0.0,0.0,0.0,6218.608625194264,6218.608625194264
t1620,0.0,0.0,0.0,8937.675664346158,8937.675664346158
t1621,0.0,0.0,0.0,7537.4716267316235,7537.4716267316235
t1622,0.0,0.0,0.0,7150.681189875267,7150.681189875267
t1623,0.0,0.0,0.0,5329.36334212089,5329.36334212089
t1624,0.0,0.0,0.0,2382.5848229206795,2382.5848229206795
t1625,0.0,0.0,0.0,-0.0,0.0
t1626,0.0,0.0,0.0,-0.0,0.0
t1627,0.0,0.0,0.0,9079.751588348143,9079.751588348143
t1628,0.0,0.0,0.0,1630.117507297073,1630.117507297073
t1629,0.0,0.0,0.0,7464.552466845102,7464.552466845102
t1630,0.0,0.0,0.0,5520.885382019508,5520.885382019508
t1631,0.0,0.0,0.0,1647.7431993977718,1647.7431993977718
t1632,0.0,0.0,0.0,9079.751588348143,9079.751588348143
t1633,0.0,0.0,0.0,0.0,0.0
t1634,0.0,0.0,0.0,9079.751588348143,9079.751588348143
t1635,0.0,0.0,0.0,1394.6498439702743,1394.6498439702743
t1636,0.0,0.0,0.0,8041.603148477677,8041.603148477677
t1637,0.0,0.0,0.0,6516.9560854401525,6516.9560854401525
t1638,0.0,0.0,0.0,4835.309434480174,4835.309434480174
t1639,0.0,0.0,0.0,5104.282592708236,5104.282592708236
t1640,0.0,0.0,0.0,0.0,0.0
t1641,0.0,0.0,0.0,8064.6914136458645,8064.6914136458645
t1642,0.0,0.0,0.0,4487.662266141299,4487.662266141299
t1643,0.0,0.0,0.0,8162.677834426851,8162.677834426851
t1644,0.0,0.0,0.0,7327.596885670466,7327.596885670466
t1645,0.0,0.0,0.0,9079.751588348143,9079.751588348143
t1646,0.0,0.0,0.0,8753.182670070892,8753.182670070892
t1647,0.0,0.0,0.0,6282.205562305564,6282.205562305564
t1648,0.0,0.0,0.0,-0.0,0.0
t1649,0.0,0.0,0.0,0.0,0.0
t1650,0.0,0.0,0.0,0.0,0.0
t1651,0.0,0.0,0.0,0.0,0.0
t1652,0.0,0.0,0.0,0.0,0.0
t1653,0.0,0.0,0.0,0.0,0.0
t1654,0.0,0.0,0.0,0.0,0.0
t1655,0.0,0.0,0.0,0.0,0.0
t1656,0.0,0.0,0.0,458.48459038444037,458.48459038444037
t1657,0.0,0.0,0.0,5037.05302579362,5037.05302579362
t1658,0.0,0.0,0.0,0.0,0.0
t1659,0.0,0.0,0.0,3761.7606016260997,3761.7606016260997
t1660,0.0,0.0,0.0,0.0,0.0
t1661,0.0,0.0,0.0,0.0,0.0
t1662,0.0,0.0,0.0,0.0,0.0
t1663,0.0,0.0,0.0,0.0,0.0
t1664,0.0,0.0,0.0,0.0,0.0
t1665,0.0,0.0,0.0,2538.4285366217373,2538.4285366217373
t1666,0.0,0.0,0.0,7128.689920123774,7128.689920123774
t1667,0.0,0.0,0.0,9079.751588348143,9079.751588348143
t1668,0.0,0.0,0.0,9079.751588348143,9079.751588348143
t1669,0.0,0.0,0.0,6564.394942656727,6564.394942656727
t1670,0.0,0.0,0.0,0.0,0.0
t1671,0.0,0.0,0.0,0.0,0.0
t1672,0.0,0.0,0.0,0.0,0.0
t1673,0.0,0.0,0.0,0.0,0.0
t1674,0.0,0.0,0.0,0.0,0.0
t1675,0.0,0.0,0.0,0.0,0.0
t1676,0.0,0.0,0.0,0.0,0.0
t1677,0.0,0.0,0.0,0.0,0.0
t1678,0.0,0.0,0.0,0.0,0.0
t1679,0.0,0.0,0.0,-0.0,0.0
t1680,0.0,0.0,0.0,4269.867705681646,4269.867705681646
t1681,0.0,0.0,0.0,-0.0,0.0
t1682,0.0,0.0,0.0,8734.50000425057,8734.50000425057
t1683,0.0,0.0,0.0,3632.1835737230003,3632.1835737230003
t1684,0.0,0.0,0.0,7374.786835627318,7374.786835627318
t1685,0.0,0.0,0.0,8356.5911856893,8356.5911856893
t1686,0.0,0.0,0.0,9079.751588348143,9079.751588348143
t1687,0.0,0.0,0.0,7642.391969039498,7642.391969039498
t1688,0.0,0.0,0.0,7700.327681893072,7700.327681893072
t1689,0.0,0.0,0.0,4917.543104607963,4917.543104607963
t1690,0.0,0.0,0.0,1385.1717396659405,1385.1717396659405
t1691,0.0,0.0,0.0,6776.121753613519,6776.121753613519
t1692,0.0,0.0,0.0,6591.335820544428,6591.335820544428
t1693,0.0,0.0,0.0,3384.561178288781,3384.561178288781
t1694,0.0,0.0,0.0,4260.083424648929,4260.083424648929
t1695,0.0,0.0,0.0,4013.1793387477933,4013.1793387477933
t1696,0.0,0.0,0.0,1709.7699846148028,1709.7699846148028
t1697,0.0,0.0,0.0,-0.0,0.0
t1698,0.0,0.0,0.0,3212.6341571281037,3212.6341571281037
t1699,0.0,0.0,0.0,4294.738637874043,4294.738637874043
t1700,0.0,0.0,0.0,3425.3038437805035,3425.3038437805035
t1701,0.0,0.0,0.0,3088.8424249662357,3088.8424249662357
t1702,0.0,0.0,0.0,6465.355359856721,6465.355359856721
t1703,0.0,0.0,0.0,6871.331455867394,6871.331455867394
t1704,0.0,0.0,0.0,-0.0,0.0
t1705,0.0,0.0,0.0,9079.751588348143,9079.751588348143
t1706,0.0,0.0,0.0,2391.218135429309,2391.218135429309
t1707,0.0,0.0,0.0,9079.751588348143,9079.751588348143
t1708,0.0,0.0,0.0,9079.751588348143,9079.751588348143
t1709,0.0,0.0,0.0,9079.751588348143,9079.751588348143
t1710,0.0,0.0,0.0,9079.751588348143,9079.751588348143
t1711,0.0,0.0,0.0,-0.0,0.0
t1712,0.0,0.0,0.0,311.1416550764989,311.1416550764989
t1713,0.0,0.0,0.0,8156.918889399422,8156.918889399422
t1714,0.0,0.0,0.0,-0.0,0.0
t1715,0.0,0.0,0.0,7703.364000437068,7703.364000437068
t1716,0.0,0.0,0.0,7882.362235630433,7882.362235630433
t1717,0.0,0.0,0.0,8070.904834397154,8070.904834397154
t1718,0.0,0.0,0.0,7215.653221923134,7215.653221923134
t1719,0.0,0.0,0.0,2342.6073243277137,2342.6073243277137
t1720,0.0,0.0,0.0,0.0,0.0
t1721,0.0,0.0,0.0,0.0,0.0
t1722,0.0,0.0,0.0,0.0,0.0
t1723,0.0,0.0,0.0,0.0,0.0
t1724,0.0,0.0,0.0,0.0,0.0
t1725,0.0,0.0,0.0,0.0,0.0
t1726,0.0,0.0,0.0,0.0,0.0
t1727,0.0,0.0,0.0,5239.950820832394,5239.950820832394
t1728,0.0,0.0,0.0,8188.398313428305,8188.398313428305
t1729,0.0,0.0,0.0,-0.0,0.0
t1730,0.0,0.0,0.0,9079.751588348143,9079.751588348143
t1731,0.0,0.0,0.0,-0.0,0.0
t1732,0.0,0.0,0.0,9079.751588348143,9079.751588348143
t1733,0.0,0.0,0.0,1394.6498439702743,1394.6498439702743
t1734,0.0,0.0,0.0,7899.3199604117035,7899.3199604117035
t1735,0.0,0.0,0.0,7554.013501577186,7554.013501577186
t1736,0.0,0.0,0.0,9079.751588348143,9079.751588348143
t1737,0.0,0.0,0.0,-0.0,0.0
t1738,0.0,0.0,0.0,2200.351101238758,2200.351101238758
t1739,0.0,0.0,0.0,4426.446877768843,4426.446877768843
t1740,0.0,0.0,0.0,4844.22146511863,4844.22146511863
t1741,0.0,0.0,0.0,9079.751588348143,9079.751588348143
t1742,0.0,0.0,0.0,8495.017117599658,8495.017117599658
t1743,0.0,0.0,0.0,9079.751588348143,9079.751588348143
t1744,0.0,0.0,0.0,9079.751588348143,9079.751588348143
t1745,0.0,0.0,0.0,4917.543104607963,4917.543104607963
t1746,0.0,0.0,0.0,4917.543104607963,4917.543104607963
t1747,0.0,0.0,0.0,1349.750658951785,1349.750658951785
t1748,0.0,0.0,0.0,4323.12706652396,4323.12706652396
t1749,0.0,0.0,0.0,9079.751588348143,9079.751588348143
t1750,0.0,0.0,0.0,755.3346208677812,755.3346208677812
t1751,0.0,0.0,0.0,9079.751588348143,9079.751588348143
t1752,0.0,0.0,0.0,2310.984606176978,2310.984606176978
t1753,0.0,0.0,0.0,-0.0,0.0
t1754,0.0,0.0,0.0,9079.751588348143,9079.751588348143
t1755,0.0,0.0,0.0,8279.43622390673,8279.43622390673
t1756,0.0,0.0,0.0,2718.201032027492,2718.201032027492
t1757,0.0,0.0,0.0,6605.820347860248,6605.820347860248
t1758,0.0,0.0,0.0,5428.607933936148,5428.607933936148
t1759,0.0,0.0,0.0,0.0,0.0
t1760,0.0,0.0,0.0,0.0,0.0
t1761,0.0,0.0,0.0,0.0,0.0
t1762,0.0,0.0,0.0,0.0,0.0
t1763,0.0,0.0,0.0,2242.648144211641,2242.648144211641
t1764,0.0,0.0,0.0,3752.012031313134,3752.012031313134
t1765,0.0,0.0,0.0,3501.427723275519,3501.427723275519
t1766,0.0,0.0,0.0,1506.8897754850914,1506.8897754850914
t1767,0.0,0.0,0.0,0.0,0.0
t1768,0.0,0.0,0.0,0.0,0.0
t1769,0.0,0.0,0.0,0.0,0.0
t1770,0.0,0.0,0.0,0.0,0.0
t1771,0.0,0.0,0.0,0.0,0.0
t1772,0.0,0.0,0.0,6768.686307746773,6768.686307746773
t1773,0.0,0.0,0.0,0.0,0.0
t1774,0.0,0.0,0.0,0.0,0.0
t1775,0.0,0.0,0.0,0.0,0.0
t1776,0.0,0.0,0.0,5185.520725096742,5185.520725096742
t1777,0.0,0.0,0.0,4690.7268466262585,4690.7268466262585
t1778,0.0,0.0,0.0,9079.751588348143,9079.751588348143
t1779,0.0,0.0,0.0,3522.6225245526166,3522.6225245526166
t1780,0.0,0.0,0.0,-0.0,0.0
t1781,0.0,0.0,0.0,9079.751588348143,9079.751588348143
t1782,0.0,0.0,0.0,1394.6498439702743,1394.6498439702743
t1783,0.0,0.0,0.0,9079.751588348143,9079.751588348143
t1784,0.0,0.0,0.0,5033.562502373253,5033.562502373253
t1785,0.0,0.0,0.0,-0.0,0.0
t1786,0.0,0.0,0.0,9079.751588348143,9079.751588348143
t1787,0.0,0.0,0.0,1510.6692417355641,1510.6692417355641
t1788,0.0,0.0,0.0,9079.751588348143,9079.751588348143
t1789,0.0,0.0,0.0,-0.0,0.0
t1790,0.0,0.0,0.0,9079.751588348143,9079.751588348143
t1791,0.0,0.0,0.0,9079.751588348143,9079.751588348143
t1792,0.0,0.0,0.0,6553.426619169492,6553.426619169492
t1793,0.0,0.0,0.0,9079.751588348143,9079.751588348143
t1794,0.0,0.0,0.0,9079.751588348143,9079.751588348143
t1795,0.0,0.0,0.0,755.3346208677812,755.3346208677812
t1796,0.0,0.0,0.0,9079.751588348143,9079.751588348143
t1797,0.0,0.0,0.0,-0.0,0.0
t1798,0.0,0.0,0.0,-0.0,0.0
t1799,0.0,0.0,0.0,3400.2602541686542,3400.2602541686542
t1800,0.0,0.0,0.0,529.6379093993604,529.6379093993604
t1801,0.0,0.0,0.0,6252.343834967586,6252.343834967586
t1802,0.0,0.0,0.0,5855.345983711452,5855.345983711452
t1803,0.0,0.0,0.0,185.55636921815662,185.55636921815662
t1804,0.0,0.0,0.0,8922.696677441894,8922.696677441894
t1805,0.0,0.0,0.0,9079.751588348143,9079.751588348143
t1806,0.0,0.0,0.0,9079.751588348143,9079.751588348143
t1807,0.0,0.0,0.0,2303.914069179528,2303.914069179528
t1808,0.0,0.0,0.0,34.08463559834907,34.08463559834907
t1809,0.0,0.0,0.0,-0.0,0.0
t1810,0.0,0.0,0.0,9079.751588348143,9079.751588348143
t1811,0.0,0.0,0.0,3828.804232209732,3828.804232209732
t1812,0.0,0.0,0.0,4395.110518572655,4395.110518572655
t1813,0.0,0.0,0.0,5163.370882595749,5163.370882595749
t1814,0.0,0.0,0.0,5087.887589725339,5087.887589725339
t1815,0.0,0.0,0.0,3789.4085849700427,3789.4085849700427
t1816,0.0,0.0,0.0,9079.751588348143,9079.751588348143
t1817,0.0,0.0,0.0,9079.751588348143,9079.751588348143
t1818,0.0,0.0,0.0,552.1433666554323,552.1433666554323
t1819,0.0,0.0,0.0,9079.751588348143,9079.751588348143
t1820,0.0,0.0,0.0,9079.751588348143,9079.751588348143
t1821,0.0,0.0,0.0,9079.751588348143,9079.751588348143
t1822,0.0,0.0,0.0,755.3346208677812,755.3346208677812
t1823,0.0,0.0,0.0,9079.751588348143,9079.751588348143
t1824,0.0,0.0,0.0,4917.543104607963,4917.543104607963
t1825,0.0,0.0,0.0,4917.543104607963,4917.543104607963
t1826,0.0,0.0,0.0,4917.543104607963,4917.543104607963
t1827,0.0,0.0,0.0,4917.543104607963,4917.543104607963
t1828,0.0,0.0,0.0,-0.0,0.0
t1829,0.0,0.0,0.0,9079.751588348143,9079.751588348143
t1830,0.0,0.0,0.0,5672.877725475746,5672.877725475746
t1831,0.0,0.0,0.0,-0.0,0.0
t1832,0.0,0.0,0.0,-0.0,0.0
t1833,0.0,0.0,0.0,6781.842755998679,6781.842755998679
t1834,0.0,0.0,0.0,4563.912694952811,4563.912694952811
t1835,0.0,0.0,0.0,9079.751588348143,9079.751588348143
t1836,0.0,0.0,0.0,9079.751588348143,9079.751588348143
t1837,0.0,0.0,0.0,4478.077961936498,4478.077961936498
t1838,0.0,0.0,0.0,5357.008247279428,5357.008247279428
t1839,0.0,0.0,0.0,4917.543104607963,4917.543104607963
t1840,0.0,0.0,0.0,4917.543104607963,4917.543104607963
t1841,0.0,0.0,0.0,-0.0,0.0
t1842,0.0,0.0,0.0,-0.0,0.0
t1843,0.0,0.0,0.0,-0.0,0.0
t1844,0.0,0.0,0.0,7266.0224432897,7266.0224432897
t1845,0.0,0.0,0.0,-0.0,0.0
t1846,0.0,0.0,0.0,8209.782616217386,8209.782616217386
t1847,0.0,0.0,0.0,9079.751588348143,9079.751588348143
t1848,0.0,0.0,0.0,1604.6001873012824,1604.6001873012824
