BalanceComponent,Generation,Storage_Discharge,Storage_Charge,Flexible_Demand_Defer,Flexible_Demand_Stasify,Demand_Response,Nonserved_Energy,Transmission_NetExport,Transmission_Losses,Demand
Zone,1,1,1,1,1,1,1,1,1,1
AnnualSum,9.009904680823326e6,10067.350956020973,-11914.031779367688,0.0,0.0,0.0,2.8119687744496442e-11,0.0,0.0,-9.008058e6
t1,18504.766380261182,4.2121339774144435e-9,-123.76638028082367,0.0,0.0,0.0,8.41274308597955e-14,0.0,0.0,-18381.0
t2,16658.030016486635,2.61383658811993e-7,-307.03001674801743,0.0,0.0,0.0,8.386395611865062e-14,0.0,0.0,-16351.0
t3,15831.306759348163,6.819238416362176e-9,-186.3067593549812,0.0,0.0,0.0,8.393090708952224e-14,0.0,0.0,-15645.0
t4,15452.080371008802,4.779456211528911e-9,-162.08037101358354,0.0,0.0,0.0,8.395030065265842e-14,0.0,0.0,-15290.0
t5,15478.567231706638,5.9641789950600605e-9,-150.56723171260268,0.0,0.0,0.0,8.395878748377381e-14,0.0,0.0,-15328.0
t6,16356.54589418461,4.828313068996198e-9,-140.54589418943567,0.0,0.0,0.0,8.39566065080993e-14,0.0,0.0,-16216.0
t7,17627.137937237258,4.839351298453743e-9,-112.13793724209522,0.0,0.0,0.0,8.39590732421803e-14,0.0,0.0,-17515.0
t8,18996.39704515508,5.309447114861171e-9,-107.3970451603905,0.0,0.0,0.0,8.396951454331362e-14,0.0,0.0,-18889.0
t9,19994.74565405777,5.67037596532748e-9,-106.74565406343635,0.0,0.0,0.0,8.392100144448967e-14,0.0,0.0,-19888.0
t10,21708.73733156324,5.874579804908516e-9,-106.73733156911129,0.0,0.0,0.0,8.387254454053905e-14,0.0,0.0,-21602.0
t11,22816.7804612578,6.120444141855587e-9,-103.78046126391784,0.0,0.0,0.0,8.392316388597237e-14,0.0,0.0,-22713.0
t12,24292.976446085042,6.936269686766324e-9,-87.9764460919785,0.0,0.0,0.0,8.388901076519895e-14,0.0,0.0,-24205.0
t13,26169.899157951066,6.9972220776774155e-9,-88.89915795806151,0.0,0.0,0.0,8.375235856509271e-14,0.0,0.0,-26081.0
t14,25795.978678350093,6.923934235217939e-9,-90.97867835701305,0.0,0.0,0.0,8.37192122543686e-14,0.0,0.0,-25705.0
t15,24834.794579663474,6.7682503590538005e-9,-93.79457967024179,0.0,0.0,0.0,8.364657871623476e-14,0.0,0.0,-24741.0
t16,25228.061945823923,6.82853890020105e-9,-91.06194583074986,0.0,0.0,0.0,8.359666857500407e-14,0.0,0.0,-25137.0
t17,26583.578258939713,6.987886605081255e-9,-78.5782589466975,0.0,0.0,0.0,8.347798699488105e-14,0.0,0.0,-26505.0
t18,27354.022737012983,6.842156833410445e-9,-80.02273701982305,0.0,0.0,0.0,8.342081223256026e-14,0.0,0.0,-27274.0
t19,31021.53315032612,6.315645595215859e-9,-86.53315033242797,0.0,0.0,0.0,8.326010534007239e-14,0.0,0.0,-30935.0
t20,30890.122150103725,6.326397107865675e-9,-90.1221501100534,0.0,0.0,0.0,8.327032656535326e-14,0.0,0.0,-30800.0
t21,29460.141048201243,6.414813336690626e-9,-89.14104820765564,0.0,0.0,0.0,8.332722932333871e-14,0.0,0.0,-29371.0
t22,27502.600547017453,6.636856179436612e-9,-75.60054702409009,0.0,0.0,0.0,8.346060464166516e-14,0.0,0.0,-27427.0
t23,24859.675074666004,6.625128226067099e-9,-76.67507467262355,0.0,0.0,0.0,8.360779830429512e-14,0.0,0.0,-24783.0
t24,21651.93767391418,6.479105662350625e-9,-80.93767392065956,0.0,0.0,0.0,8.375110544719666e-14,0.0,0.0,-21571.0
t25,18164.492260000032,6.365604590805445e-9,-83.4922600063959,0.0,0.0,0.0,8.389468132786718e-14,0.0,0.0,-18081.0
t26,17454.812334963233,6.2570051025973415e-9,-83.81233496948896,0.0,0.0,0.0,8.39021005887276e-14,0.0,0.0,-17371.0
t27,17033.25265166052,6.299102466961578e-9,-75.25265166681515,0.0,0.0,0.0,8.394530570857387e-14,0.0,0.0,-16958.0
t28,17194.735354314813,6.2941740010068046e-9,-74.73535432110388,0.0,0.0,0.0,8.394126617185507e-14,0.0,0.0,-17120.0
t29,17536.506192035635,6.153267988605797e-9,-78.50619204178693,0.0,0.0,0.0,8.392492729511327e-14,0.0,0.0,-17458.0
t30,19266.729565706657,5.9988707349100855e-9,-81.72956571265503,0.0,0.0,0.0,8.384878064205695e-14,0.0,0.0,-19185.0
t31,23215.748295766705,5.873559530742544e-9,-82.74829577257944,0.0,0.0,0.0,8.367355696102739e-14,0.0,0.0,-23133.0
t32,29032.413916087455,5.708449387421248e-9,-76.41391609315819,0.0,0.0,0.0,8.339846457330089e-14,0.0,0.0,-28956.0
t33,30691.014619352325,5.445669133887873e-9,-79.01461935776419,0.0,0.0,0.0,8.328724973516847e-14,0.0,0.0,-30612.0
t34,30249.153189359455,5.3730844789810685e-9,-81.15318936483281,0.0,0.0,0.0,8.339023067057815e-14,0.0,0.0,-30168.0
t35,29999.04332875705,5.2152343799639346e-9,-88.04332876226859,0.0,0.0,0.0,8.341774118580842e-14,0.0,0.0,-29911.0
t36,30633.89076817163,5.0341521722580864e-9,-90.890768176667,0.0,0.0,0.0,8.337176974733737e-14,0.0,0.0,-30543.0
t37,31014.355959063374,5.099364220952247e-9,-78.35595906847549,0.0,0.0,0.0,8.335351884004284e-14,0.0,0.0,-30936.0
t38,29546.379223088657,5.153775779697962e-9,-76.37922309380636,0.0,0.0,0.0,8.338164890923373e-14,0.0,0.0,-29470.0
t39,29168.3841117453,5.072081892468653e-9,-79.3841117503731,0.0,0.0,0.0,8.3340858918615e-14,0.0,0.0,-29089.0
t40,30346.584998347374,4.8538001284926704e-9,-85.58499835222125,0.0,0.0,0.0,8.328887734098755e-14,0.0,0.0,-30261.0
t41,33302.143973795224,4.578680577938356e-9,-82.14397379920835,0.0,0.0,0.0,8.313724034053107e-14,0.0,0.0,-33220.0
t42,37099.10266051385,6.886381386286817e-9,-148.10266051988134,0.0,0.0,0.0,8.291803309368569e-14,0.0,0.0,-36951.0
t43,37081.08401072267,7.688777574109588e-9,-162.08401073204686,0.0,0.0,0.0,8.29390518620968e-14,0.0,0.0,-36919.0
t44,33416.12043543432,4.43480550949207e-9,-79.12043543875065,0.0,0.0,0.0,8.312995002207332e-14,0.0,0.0,-33337.0
t45,32425.001168115436,4.345324054378377e-9,-92.00116811976531,0.0,0.0,0.0,8.315776892675829e-14,0.0,0.0,-32333.0
t46,27287.28539623159,4.743877663018971e-9,-86.28539623633506,0.0,0.0,0.0,8.344887409587397e-14,0.0,0.0,-27201.0
t47,24126.74035005772,4.878296731059531e-9,-75.74035006259867,0.0,0.0,0.0,8.360952450522384e-14,0.0,0.0,-24051.0
t48,21797.599262056665,4.822305051462063e-9,-78.59926206148305,0.0,0.0,0.0,8.371586113881149e-14,0.0,0.0,-21719.0
t49,19756.79824682052,4.7515605674639994e-9,-82.79824682526797,0.0,0.0,0.0,8.382039547796468e-14,0.0,0.0,-19674.0
t50,18434.229968539872,4.638556046790427e-9,-88.22996854450729,0.0,0.0,0.0,8.386886324004363e-14,0.0,0.0,-18346.0
t51,17761.947509694,4.561650018335778e-9,-88.9475096985647,0.0,0.0,0.0,8.388790162895365e-14,0.0,0.0,-17673.0
t52,17735.722649306095,4.59231857984971e-9,-78.72264931068527,0.0,0.0,0.0,8.392570689933785e-14,0.0,0.0,-17657.0
t53,18041.24735908646,4.532285925018897e-9,-81.24735909099276,0.0,0.0,0.0,8.39083284267982e-14,0.0,0.0,-17960.0
t54,19695.7455652705,4.425539213289166e-9,-84.7455652749276,0.0,0.0,0.0,8.383423573137281e-14,0.0,0.0,-19611.0
t55,23732.57493762578,4.30169579684892e-9,-89.57493763008294,0.0,0.0,0.0,8.364404334058302e-14,0.0,0.0,-23643.0
t56,29720.841206050278,4.113103885102081e-9,-92.84120605439136,0.0,0.0,0.0,8.336776083698256e-14,0.0,0.0,-29628.0
t57,31705.5593159337,3.999290612929329e-9,-86.55931593770102,0.0,0.0,0.0,8.326838262937645e-14,0.0,0.0,-31619.0
t58,31199.306497396723,4.008054523060976e-9,-83.30649740072651,0.0,0.0,0.0,8.341843655158493e-14,0.0,0.0,-31116.0
t59,30791.726387992403,3.942967584105691e-9,-86.72638799634457,0.0,0.0,0.0,8.354785277918359e-14,0.0,0.0,-30705.0
t60,31533.22537326689,3.820265881120543e-9,-93.22537327070722,0.0,0.0,0.0,8.348645168514465e-14,0.0,0.0,-31440.0
t61,31559.709872538933,3.759319265731388e-9,-94.70987254268492,0.0,0.0,0.0,8.345995611280038e-14,0.0,0.0,-31465.0
t62,30031.255097619858,3.869175733018584e-9,-80.25509762371986,0.0,0.0,0.0,8.351088295974536e-14,0.0,0.0,-29951.0
t63,29750.985380578437,3.839761076198723e-9,-82.98538058227531,0.0,0.0,0.0,8.342730562060277e-14,0.0,0.0,-29668.0
t64,31403.794365587713,3.6256113878888316e-9,-91.79436559132904,0.0,0.0,0.0,8.328719372393114e-14,0.0,0.0,-31312.0
t65,34672.3932832327,3.5175075867329584e-9,-77.39328323788881,0.0,0.0,0.0,8.30827979712873e-14,0.0,0.0,-34595.0
t66,38143.95370288972,199.04629711124042,-9.547648284697059e-10,0.0,0.0,0.0,8.284902563768028e-14,0.0,0.0,-38343.0
t67,38219.49159007424,9.759955932886094e-9,-170.4915900825217,0.0,0.0,0.0,8.290386507502634e-14,0.0,0.0,-38049.0
t68,34884.097813907625,3.7157581203741705e-9,-78.09781391133306,0.0,0.0,0.0,8.30839894356869e-14,0.0,0.0,-34806.0
t69,33932.629000468856,3.666547049685978e-9,-97.62900047251698,0.0,0.0,0.0,8.311286307240956e-14,0.0,0.0,-33835.0
t70,27975.15862721292,4.095155748537496e-9,-90.15862721701912,0.0,0.0,0.0,8.343584862331421e-14,0.0,0.0,-27885.0
t71,25075.660905197754,4.122188687584114e-9,-89.66090520187342,0.0,0.0,0.0,8.358975683209545e-14,0.0,0.0,-24986.0
t72,22719.32959686935,4.1668147910897774e-9,-78.32959687351394,0.0,0.0,0.0,8.369235631929037e-14,0.0,0.0,-22641.0
t73,20824.399756084145,4.17677531725602e-9,-80.39975608832592,0.0,0.0,0.0,8.37960325305541e-14,0.0,0.0,-20744.0
t74,19709.90572498923,4.126185900033254e-9,-85.90572499335394,0.0,0.0,0.0,8.38369620474678e-14,0.0,0.0,-19624.0
t75,19146.280624906216,4.0537243488510685e-9,-91.28062491026886,0.0,0.0,0.0,8.384457207332188e-14,0.0,0.0,-19055.0
t76,19270.428083003902,4.041909930145775e-9,-91.42808300794336,0.0,0.0,0.0,8.384144814833389e-14,0.0,0.0,-19179.0
t77,19776.0522174333,4.102407346163661e-9,-79.05221743740067,0.0,0.0,0.0,8.383536900383289e-14,0.0,0.0,-19697.0
t78,21658.300866088543,4.071305652574301e-9,-80.30086609261632,0.0,0.0,0.0,8.373657457983732e-14,0.0,0.0,-21578.0
t79,25819.71482376235,3.89995094409463e-9,-82.71482376625184,0.0,0.0,0.0,8.354113933992113e-14,0.0,0.0,-25737.0
t80,32361.134351692897,3.2115018079456274e-9,-97.13435169610649,0.0,0.0,0.0,8.321414408732571e-14,0.0,0.0,-32264.0
t81,33941.13163426907,2.8962458028748452e-9,-94.13163427196444,0.0,0.0,0.0,8.314090462982087e-14,0.0,0.0,-33847.0
t82,33182.96132800202,3.1866093986654465e-9,-78.96132800522363,0.0,0.0,0.0,8.317711418622097e-14,0.0,0.0,-33104.0
t83,32970.95046540725,3.1595698711885197e-9,-82.95046541041093,0.0,0.0,0.0,8.319368764330858e-14,0.0,0.0,-32888.0
t84,33792.12089419035,2.9368928665885342e-9,-88.12089419328942,0.0,0.0,0.0,8.313866984815209e-14,0.0,0.0,-33704.0
t85,34573.78574408635,2.806520645834125e-9,-97.7857440891516,0.0,0.0,0.0,8.313333752481935e-14,0.0,0.0,-34476.0
t86,33658.88296094245,2.92747991550115e-9,-95.88296094538357,0.0,0.0,0.0,8.319385504752684e-14,0.0,0.0,-33563.0
t87,33899.31610817886,3.0191894354872187e-9,-81.31610818187559,0.0,0.0,0.0,8.313885356525752e-14,0.0,0.0,-33818.0
t88,35693.106318306855,2.819713539519613e-9,-87.10631830968772,0.0,0.0,0.0,8.308289963101308e-14,0.0,0.0,-35606.0
t89,38719.58979181672,2.6433368430796613e-9,-83.58979181911685,0.0,0.0,0.0,8.294896155728857e-14,0.0,0.0,-38636.0
t90,42457.379378213824,3.3474102933614142e-9,-208.37937821780244,0.0,0.0,0.0,8.278942838077599e-14,0.0,0.0,-42249.0
t91,41832.0264845437,2.5265540521200178e-9,-100.02648454620092,0.0,0.0,0.0,8.284526954869913e-14,0.0,0.0,-41732.0
t92,37568.709608578145,2.5202369587774147e-9,-78.7096085806547,0.0,0.0,0.0,8.298658353389884e-14,0.0,0.0,-37490.0
t93,35906.62410218778,2.5864680883220174e-9,-89.62410219036266,0.0,0.0,0.0,8.302021972139909e-14,0.0,0.0,-35817.0
t94,30081.524810628754,2.852144163395509e-9,-84.52481063161125,0.0,0.0,0.0,8.333182373062915e-14,0.0,0.0,-29997.0
t95,26669.56444581689,2.793475328342213e-9,-88.56444581968088,0.0,0.0,0.0,8.350320475402014e-14,0.0,0.0,-26581.0
t96,23715.86382766749,2.740709881863381e-9,-88.86382767022765,0.0,0.0,0.0,8.363697393579503e-14,0.0,0.0,-23627.0
t97,21141.9873336185,2.756569160557499e-9,-78.98733362125543,0.0,0.0,0.0,8.381253924924057e-14,0.0,0.0,-21063.0
t98,19415.827523540804,2.7064725348868565e-9,-81.827523543508,0.0,0.0,0.0,8.388464932569368e-14,0.0,0.0,-19334.0
t99,18521.961078806726,2.5971149856012727e-9,-86.96107880932114,0.0,0.0,0.0,8.390939866150524e-14,0.0,0.0,-18435.0
t100,18381.574620014933,2.524706024999794e-9,-90.57462001746148,0.0,0.0,0.0,8.391152625691616e-14,0.0,0.0,-18291.0
t101,18687.658707647344,2.4546189291458954e-9,-91.65870764979958,0.0,0.0,0.0,8.389039168527714e-14,0.0,0.0,-18596.0
t102,20247.591633042175,2.4484449556077918e-9,-80.59163304462125,0.0,0.0,0.0,8.384216856671018e-14,0.0,0.0,-20167.0
t103,24098.08903469054,2.41045193191022e-9,-81.08903469294677,0.0,0.0,0.0,8.365236568049183e-14,0.0,0.0,-24017.0
t104,30141.202511236337,2.264630876520646e-9,-88.20251123860116,0.0,0.0,0.0,8.332181207754281e-14,0.0,0.0,-30053.0
t105,31482.67969337347,2.094370673807637e-9,-97.6796933755668,0.0,0.0,0.0,8.322661122878244e-14,0.0,0.0,-31385.0
t106,30646.12992056757,2.0565517964330752e-9,-97.12992056962102,0.0,0.0,0.0,8.332621232199751e-14,0.0,0.0,-30549.0
t107,30300.227905637817,2.0724284462495296e-9,-85.22790563988798,0.0,0.0,0.0,8.336278399311778e-14,0.0,0.0,-30215.0
t108,30739.398181615354,2.009508005648803e-9,-88.39818161736865,0.0,0.0,0.0,8.33155861887019e-14,0.0,0.0,-30651.0
t109,31151.74465966793,1.9413387611121213e-9,-94.74465966986813,0.0,0.0,0.0,8.332506185286442e-14,0.0,0.0,-31057.0
t110,30304.61314776892,1.924047885658928e-9,-98.61314777084176,0.0,0.0,0.0,8.336401511259121e-14,0.0,0.0,-30206.0
t111,30511.06022790482,1.883688304581226e-9,-101.06022790669593,0.0,0.0,0.0,8.330303368240375e-14,0.0,0.0,-30410.0
t112,31976.656320323393,1.9063530062380977e-9,-89.65632032529555,0.0,0.0,0.0,8.324701786663336e-14,0.0,0.0,-31887.0
t113,34945.57761109534,1.76736219879541e-9,-101.57761109710742,0.0,0.0,0.0,8.311140244491323e-14,0.0,0.0,-34844.0
t114,38550.88135636534,1.6630995833470957e-9,-104.88135636699994,0.0,0.0,0.0,8.292654630785531e-14,0.0,0.0,-38446.0
t115,38063.748257235726,1.6191497168667537e-9,-107.7482572373433,0.0,0.0,0.0,8.296754525507518e-14,0.0,0.0,-37956.0
t116,34319.80012583247,1.6773907252006678e-9,-116.80012583415322,0.0,0.0,0.0,8.312492274595498e-14,0.0,0.0,-34203.0
t117,32761.76202480781,1.7253352753855207e-9,-108.7620248095288,0.0,0.0,0.0,8.314648742702937e-14,0.0,0.0,-32653.0
t118,26888.52490842159,1.7843517506036707e-9,-118.5249084233763,0.0,0.0,0.0,8.349271671932175e-14,0.0,0.0,-26770.0
t119,23517.904821605665,1.7727310600679257e-9,-144.9048216074376,0.0,0.0,0.0,8.367351297099488e-14,0.0,0.0,-23373.0
t120,20757.62709400811,1.7470529203208088e-9,-241.6270940098542,0.0,0.0,0.0,8.379870680031472e-14,0.0,0.0,-20516.0
t121,17914.999999996715,7.1097884393716e-9,-3.823373369279375e-9,0.0,0.0,0.0,8.391781520242958e-14,0.0,0.0,-17915.0
t122,16310.999999996537,7.209603567143494e-9,-3.748067296543804e-9,0.0,0.0,0.0,8.402366995774349e-14,0.0,0.0,-16311.0
t123,15392.999999996584,7.182927025151599e-9,-3.7686207245179654e-9,0.0,0.0,0.0,8.403669344125862e-14,0.0,0.0,-15393.0
t124,15143.999999996719,7.093949008487807e-9,-3.812550332024433e-9,0.0,0.0,0.0,8.400532325126866e-14,0.0,0.0,-15144.0
t125,15256.999999996897,6.968348305795942e-9,-3.86436794751714e-9,0.0,0.0,0.0,8.399195255913758e-14,0.0,0.0,-15257.0
t126,16570.99999999696,6.899525523089807e-9,-3.859442295872635e-9,0.0,0.0,0.0,8.395977006468328e-14,0.0,0.0,-16571.0
t127,20099.99999999676,7.022415371846807e-9,-3.777143889294453e-9,0.0,0.0,0.0,8.38612090722237e-14,0.0,0.0,-20100.0
t128,26397.99999999697,6.902226208064227e-9,-3.869278510319631e-9,0.0,0.0,0.0,8.357503840717319e-14,0.0,0.0,-26398.0
t129,28568.9999999973,6.696496542438995e-9,-3.998559329936365e-9,0.0,0.0,0.0,8.345430500838346e-14,0.0,0.0,-28569.0
t130,28332.999999997413,6.6185232027583965e-9,-4.03173627699801e-9,0.0,0.0,0.0,8.355940523994675e-14,0.0,0.0,-28333.0
t131,28384.999999997413,6.601155826564158e-9,-4.013281140509673e-9,0.0,0.0,0.0,8.369904007307906e-14,0.0,0.0,-28385.0
t132,28982.999999997315,6.665013054078299e-9,-3.976627119649041e-9,0.0,0.0,0.0,8.371717433980345e-14,0.0,0.0,-28983.0
t133,29223.999999997486,6.492530114906956e-9,-3.977699059160826e-9,0.0,0.0,0.0,8.372020573054748e-14,0.0,0.0,-29224.0
t134,28200.99999999777,6.238672002632139e-9,-4.009826515203166e-9,0.0,0.0,0.0,8.370041592457055e-14,0.0,0.0,-28201.0
t135,28349.999999998276,5.830633353500467e-9,-4.105421215402733e-9,0.0,0.0,0.0,8.351932853066273e-14,0.0,0.0,-28350.0
t136,30037.99999999845,5.645545320006396e-9,-4.101806633470252e-9,0.0,0.0,0.0,8.339038226677618e-14,0.0,0.0,-30038.0
t137,33162.99999999864,5.501394463356702e-9,-4.140745045198955e-9,0.0,0.0,0.0,8.317705927520691e-14,0.0,0.0,-33163.0
t138,36861.99999999992,4.7073145619307425e-9,-4.6180207199950105e-9,0.0,0.0,0.0,8.300337173114123e-14,0.0,0.0,-36862.0
t139,36157.99999999996,4.5747243922925604e-9,-4.53164131136781e-9,0.0,0.0,0.0,8.305955753813139e-14,0.0,0.0,-36158.0
t140,32103.999999999265,4.977270137973061e-9,-4.244487989432894e-9,0.0,0.0,0.0,8.32362693599093e-14,0.0,0.0,-32104.0
t141,30751.999999999378,4.8575761339837875e-9,-4.2368498664141985e-9,0.0,0.0,0.0,8.3271426847808e-14,0.0,0.0,-30752.0
t142,24908.999999998898,5.145277985537574e-9,-4.039264246641314e-9,0.0,0.0,0.0,8.360472425656973e-14,0.0,0.0,-24909.0
t143,21931.99999999897,5.074371524001976e-9,-4.04308896995429e-9,0.0,0.0,0.0,8.376173937874868e-14,0.0,0.0,-21932.0
t144,19560.99999999932,4.817036102700008e-9,-4.135799553941156e-9,0.0,0.0,0.0,8.385177589527141e-14,0.0,0.0,-19561.0
t145,17962.99999999956,4.627874866321654e-9,-4.189179323503039e-9,0.0,0.0,0.0,8.390519917450034e-14,0.0,0.0,-17963.0
t146,16143.999999999709,4.487156609824267e-9,-4.198286225531336e-9,0.0,0.0,0.0,8.39360266247154e-14,0.0,0.0,-16144.0
t147,15668.999999999673,4.481234171844419e-9,-4.156102945524949e-9,0.0,0.0,0.0,8.397588847853968e-14,0.0,0.0,-15669.0
t148,15576.99999999977,4.402265603523408e-9,-4.172558168329583e-9,0.0,0.0,0.0,8.39457225263162e-14,0.0,0.0,-15577.0
t149,16150.00000000004,4.211908035164784e-9,-4.2511295721029156e-9,0.0,0.0,0.0,8.393195584807202e-14,0.0,0.0,-16150.0
t150,17378.00000000032,4.011876922062738e-9,-4.334219604185636e-9,0.0,0.0,0.0,8.390162308689502e-14,0.0,0.0,-17378.0
t151,19293.000000000455,3.889118955171634e-9,-4.344717373659961e-9,0.0,0.0,0.0,8.383520843071924e-14,0.0,0.0,-19293.0
t152,21797.00000000041,3.883014113977935e-9,-4.294519540322907e-9,0.0,0.0,0.0,8.374548875346927e-14,0.0,0.0,-21797.0
t153,24106.0000000007,3.7073482076456613e-9,-4.406544986530183e-9,0.0,0.0,0.0,8.362818437891241e-14,0.0,0.0,-24106.0
t154,26776.000000001095,3.4708186163375696e-9,-4.572208883343951e-9,0.0,0.0,0.0,8.353900307582077e-14,0.0,0.0,-26776.0
t155,27965.000000001415,3.2794441765355505e-9,-4.6948674347416245e-9,0.0,0.0,0.0,8.350939275719119e-14,0.0,0.0,-27965.0
t156,30170.000000001994,2.9879747256212116e-9,-4.984597184598987e-9,0.0,0.0,0.0,8.338287925193182e-14,0.0,0.0,-30170.0
t157,31320.000000001968,3.016418203342777e-9,-4.980891546334724e-9,0.0,0.0,0.0,8.333405426079772e-14,0.0,0.0,-31320.0
t158,30806.00000000189,3.032539682792181e-9,-4.9244006540785524e-9,0.0,0.0,0.0,8.33270559271353e-14,0.0,0.0,-30806.0
t159,30129.000000002052,2.9749074678188804e-9,-5.027494858769031e-9,0.0,0.0,0.0,8.332240552395477e-14,0.0,0.0,-30129.0
t160,28995.000000001794,3.1074190442725073e-9,-4.909503397154857e-9,0.0,0.0,0.0,8.33749112726797e-14,0.0,0.0,-28995.0
t161,30583.000000002146,2.9419555384412365e-9,-5.077421800490523e-9,0.0,0.0,0.0,8.32900296361519e-14,0.0,0.0,-30583.0
t162,31521.000000002186,2.9450831690670517e-9,-5.116097019920004e-9,0.0,0.0,0.0,8.321272828758844e-14,0.0,0.0,-31521.0
t163,33721.000000002605,2.8573110791002614e-9,-5.45383024133816e-9,0.0,0.0,0.0,8.314241299191612e-14,0.0,0.0,-33721.0
t164,33280.00000000245,2.844801411902366e-9,-5.303805437148731e-9,0.0,0.0,0.0,8.316627338870278e-14,0.0,0.0,-33280.0
t165,31632.00000000204,3.0538961779013927e-9,-5.099433498527004e-9,0.0,0.0,0.0,8.321745844516294e-14,0.0,0.0,-31632.0
t166,29655.00000000175,3.168428058178428e-9,-4.920425009693036e-9,0.0,0.0,0.0,8.335436822651741e-14,0.0,0.0,-29655.0
t167,27244.00000000144,3.313904332087659e-9,-4.754788415934299e-9,0.0,0.0,0.0,8.347833445075715e-14,0.0,0.0,-27244.0
t168,23890.000000001437,3.3308762179797297e-9,-4.766587336111213e-9,0.0,0.0,0.0,8.363616687591735e-14,0.0,0.0,-23890.0
t169,20636.00000000154,3.2936205130717638e-9,-4.835089723713858e-9,0.0,0.0,0.0,8.380746338235703e-14,0.0,0.0,-20636.0
t170,18673.000000001688,3.2330952354576856e-9,-4.920923360663587e-9,0.0,0.0,0.0,8.3875920117333e-14,0.0,0.0,-18673.0
t171,18247.000000001804,3.1702342832045243e-9,-4.975976188070486e-9,0.0,0.0,0.0,8.387161206768794e-14,0.0,0.0,-18247.0
t172,18079.00000000161,3.259253410240306e-9,-4.871976206966046e-9,0.0,0.0,0.0,8.389181565752126e-14,0.0,0.0,-18079.0
t173,18606.00000000167,3.251215731448521e-9,-4.9195348578321664e-9,0.0,0.0,0.0,8.38697295194877e-14,0.0,0.0,-18606.0
t174,19885.000000001914,3.156101817047361e-9,-5.071997142330804e-9,0.0,0.0,0.0,8.381040454568865e-14,0.0,0.0,-19885.0
t175,21533.000000002074,3.092373437538402e-9,-5.166604088344438e-9,0.0,0.0,0.0,8.373826476998865e-14,0.0,0.0,-21533.0
t176,23534.000000002332,2.9845425677341383e-9,-5.314867795351993e-9,0.0,0.0,0.0,8.369850514491068e-14,0.0,0.0,-23534.0
t177,24697.000000002303,3.002306182474167e-9,-5.306452167994327e-9,0.0,0.0,0.0,8.365555188085243e-14,0.0,0.0,-24697.0
t178,27221.00000000252,2.9344716542383442e-9,-5.456904865257847e-9,0.0,0.0,0.0,8.362249488842639e-14,0.0,0.0,-27221.0
t179,28049.000000002692,2.8847905373174883e-9,-5.580214690140214e-9,0.0,0.0,0.0,8.367156685880382e-14,0.0,0.0,-28049.0
t180,30101.000000003194,2.7024426141620315e-9,-5.905031453480713e-9,0.0,0.0,0.0,8.355490818231234e-14,0.0,0.0,-30101.0
t181,30698.000000003296,2.6456477114256923e-9,-5.93962791407845e-9,0.0,0.0,0.0,8.356108089272992e-14,0.0,0.0,-30698.0
t182,29294.00000000281,2.8432542937514195e-9,-5.647305176169541e-9,0.0,0.0,0.0,8.361145267046799e-14,0.0,0.0,-29294.0
t183,28058.0000000028,2.8445385167242455e-9,-5.6466019489348376e-9,0.0,0.0,0.0,8.354259265864508e-14,0.0,0.0,-28058.0
t184,27124.000000002816,2.8456556511585133e-9,-5.659283697949573e-9,0.0,0.0,0.0,8.351806845392176e-14,0.0,0.0,-27124.0
t185,28594.000000003,2.7857420737550317e-9,-5.786847367057499e-9,0.0,0.0,0.0,8.337613648201293e-14,0.0,0.0,-28594.0
t186,30300.00000000319,2.7107971061474534e-9,-5.896386061379374e-9,0.0,0.0,0.0,8.327117312787787e-14,0.0,0.0,-30300.0
t187,33496.00000000334,2.6600130137242237e-9,-6.001175380943393e-9,0.0,0.0,0.0,8.315068208573085e-14,0.0,0.0,-33496.0
t188,33521.000000003376,2.6700736052524724e-9,-6.05437730933972e-9,0.0,0.0,0.0,8.315023584662304e-14,0.0,0.0,-33521.0
t189,32332.000000003256,2.7267465460707346e-9,-5.980113741246004e-9,0.0,0.0,0.0,8.31710056175707e-14,0.0,0.0,-32332.0
t190,30316.000000003067,2.7845177850680176e-9,-5.852780740133078e-9,0.0,0.0,0.0,8.33078162382564e-14,0.0,0.0,-30316.0
t191,27824.000000002958,2.807875568924522e-9,-5.764582104249929e-9,0.0,0.0,0.0,8.343543613710761e-14,0.0,0.0,-27824.0
t192,24016.000000002678,2.9005954328765274e-9,-5.573528371973578e-9,0.0,0.0,0.0,8.363002672250454e-14,0.0,0.0,-24016.0
t193,19747.000000002623,2.9317218435563222e-9,-5.557666663003797e-9,0.0,0.0,0.0,8.387097237715746e-14,0.0,0.0,-19747.0
t194,18240.000000002787,2.8883614715070315e-9,-5.6742109869414216e-9,0.0,0.0,0.0,8.392501242395945e-14,0.0,0.0,-18240.0
t195,17517.00000000302,2.810723910229881e-9,-5.83143354036527e-9,0.0,0.0,0.0,8.393850249784895e-14,0.0,0.0,-17517.0
t196,17483.00000000301,2.8050256690063118e-9,-5.81211538948844e-9,0.0,0.0,0.0,8.392320067204436e-14,0.0,0.0,-17483.0
t197,17762.000000002827,2.860377867528882e-9,-5.684048825199494e-9,0.0,0.0,0.0,8.393347343941612e-14,0.0,0.0,-17762.0
t198,19378.000000002925,2.8410847399885083e-9,-5.76702428661889e-9,0.0,0.0,0.0,8.3850222054186e-14,0.0,0.0,-19378.0
t199,23170.00000000319,2.7682260998338137e-9,-5.95831101560007e-9,0.0,0.0,0.0,8.367482468736878e-14,0.0,0.0,-23170.0
t200,28979.00000000416,2.4928836678513704e-9,-6.64719858896761e-9,0.0,0.0,0.0,8.34222566277159e-14,0.0,0.0,-28979.0
t201,30118.00000000466,2.3443554144936032e-9,-7.012046188814698e-9,0.0,0.0,0.0,8.336568656315754e-14,0.0,0.0,-30118.0
t202,29985.000000004064,2.5136947707359515e-9,-6.580433024541513e-9,0.0,0.0,0.0,8.348434051728667e-14,0.0,0.0,-29985.0
t203,29742.000000004093,2.5287570360682326e-9,-6.622045907478946e-9,0.0,0.0,0.0,8.356019151954981e-14,0.0,0.0,-29742.0
t204,30649.000000004544,2.416385022422965e-9,-6.964532041657526e-9,0.0,0.0,0.0,8.350793458509085e-14,0.0,0.0,-30649.0
t205,30340.00000000482,2.3410941079114717e-9,-7.162810989896455e-9,0.0,0.0,0.0,8.348538315200593e-14,0.0,0.0,-30340.0
t206,28379.00000000442,2.427689915863359e-9,-6.839866750028452e-9,0.0,0.0,0.0,8.354254094963903e-14,0.0,0.0,-28379.0
t207,27799.00000000411,2.501343075494731e-9,-6.615361479113939e-9,0.0,0.0,0.0,8.34813654158804e-14,0.0,0.0,-27799.0
t208,29006.000000004424,2.4347274796742487e-9,-6.859958628630727e-9,0.0,0.0,0.0,8.339054962031914e-14,0.0,0.0,-29006.0
t209,31688.00000000566,2.173959000403055e-9,-7.814557715180808e-9,0.0,0.0,0.0,8.321380198156321e-14,0.0,0.0,-31688.0
t210,35931.00000000792,1.9934335100642983e-9,-9.878639568499001e-9,0.0,0.0,0.0,8.296304614946207e-14,0.0,0.0,-35931.0
t211,35631.000000007574,2.065286862076108e-9,-9.677974338475304e-9,0.0,0.0,0.0,8.302358298980394e-14,0.0,0.0,-35631.0
t212,31768.00000000527,2.2008205645018923e-9,-7.481970645978672e-9,0.0,0.0,0.0,8.321892890691684e-14,0.0,0.0,-31768.0
t213,30690.000000004955,2.3210156248366932e-9,-7.278988541849128e-9,0.0,0.0,0.0,8.325384152114969e-14,0.0,0.0,-30690.0
t214,27220.00000000435,2.4817449910617507e-9,-6.828430650794348e-9,0.0,0.0,0.0,8.346005306060834e-14,0.0,0.0,-27220.0
t215,24446.000000004366,2.483021445070261e-9,-6.84546332862236e-9,0.0,0.0,0.0,8.360169731918534e-14,0.0,0.0,-24446.0
t216,21827.000000004355,2.4731691168290667e-9,-6.831107429726915e-9,0.0,0.0,0.0,8.371630050174535e-14,0.0,0.0,-21827.0
t217,19531.000000004096,2.532061474121794e-9,-6.633717172495966e-9,0.0,0.0,0.0,8.385175161025415e-14,0.0,0.0,-19531.0
t218,17950.000000004227,2.5191329375477722e-9,-6.744635021578963e-9,0.0,0.0,0.0,8.390083024602886e-14,0.0,0.0,-17950.0
t219,17169.000000004504,2.4606993923628827e-9,-6.965002767745405e-9,0.0,0.0,0.0,8.3924257136637e-14,0.0,0.0,-17169.0
t220,17039.00000000469,2.4225878623158005e-9,-7.1080349866161146e-9,0.0,0.0,0.0,8.391998169849965e-14,0.0,0.0,-17039.0
t221,17019.00000000472,2.403730424283319e-9,-7.121631256344348e-9,0.0,0.0,0.0,8.391507771435674e-14,0.0,0.0,-17019.0
t222,18470.000000004587,2.421689975124662e-9,-7.009318745565989e-9,0.0,0.0,0.0,8.389490979083086e-14,0.0,0.0,-18470.0
t223,22073.000000004704,2.41112849436151e-9,-7.1172346297246316e-9,0.0,0.0,0.0,8.373928416423805e-14,0.0,0.0,-22073.0
t224,27758.00000000536,2.2888356129503285e-9,-7.648149288006041e-9,0.0,0.0,0.0,8.343934286136974e-14,0.0,0.0,-27758.0
t225,28487.00000000575,2.214918495149999e-9,-7.967081347099488e-9,0.0,0.0,0.0,8.339399724304486e-14,0.0,0.0,-28487.0
t226,28181.000000005643,2.2247050409797136e-9,-7.865085922811753e-9,0.0,0.0,0.0,8.358050005693793e-14,0.0,0.0,-28181.0
t227,28016.00000000543,2.2594659479841797e-9,-7.687429407445058e-9,0.0,0.0,0.0,8.369879137494309e-14,0.0,0.0,-28016.0
t228,28987.000000005708,2.223822820603707e-9,-7.933198978121405e-9,0.0,0.0,0.0,8.366507032303553e-14,0.0,0.0,-28987.0
t229,29174.000000006046,2.1691097213231103e-9,-8.218280870853447e-9,0.0,0.0,0.0,8.365951849193682e-14,0.0,0.0,-29174.0
t230,27785.000000006203,2.1376741790950724e-9,-8.340675442495667e-9,0.0,0.0,0.0,8.365102935820197e-14,0.0,0.0,-27785.0
t231,27588.00000000645,2.0841002974523577e-9,-8.531003243183672e-9,0.0,0.0,0.0,8.353276825870479e-14,0.0,0.0,-27588.0
t232,29236.000000006396,2.08977099672678e-9,-8.487777296305679e-9,0.0,0.0,0.0,8.339040820391263e-14,0.0,0.0,-29236.0
t233,32356.000000007607,1.8977746782073473e-9,-9.498824065966985e-9,0.0,0.0,0.0,8.320037555345638e-14,0.0,0.0,-32356.0
t234,36400.000000010295,1.8262942779791295e-9,-1.2112396187679884e-8,0.0,0.0,0.0,8.297806821353476e-14,0.0,0.0,-36400.0
t235,35512.000000009684,1.8562375084962424e-9,-1.1525591968536414e-8,0.0,0.0,0.0,8.305060402963102e-14,0.0,0.0,-35512.0
t236,31312.000000007538,1.9178704192935385e-9,-9.45567363067182e-9,0.0,0.0,0.0,8.325592328298946e-14,0.0,0.0,-31312.0
t237,29961.000000006847,2.0328913518938424e-9,-8.875487205300692e-9,0.0,0.0,0.0,8.328670564117318e-14,0.0,0.0,-29961.0
t238,25663.000000006305,2.1313239950596572e-9,-8.435146999126317e-9,0.0,0.0,0.0,8.354721138371679e-14,0.0,0.0,-25663.0
t239,22641.000000006497,2.1066634648322634e-9,-8.605200009256673e-9,0.0,0.0,0.0,8.369880956759436e-14,0.0,0.0,-22641.0
t240,19846.00000000672,2.0748926451926985e-9,-8.79287534505672e-9,0.0,0.0,0.0,8.381948423230918e-14,0.0,0.0,-19846.0
t241,17600.000000006687,2.072286235780415e-9,-8.762886931228084e-9,0.0,0.0,0.0,8.391789682255891e-14,0.0,0.0,-17600.0
t242,16144.000000006596,2.0768106072954044e-9,-8.672876931059934e-9,0.0,0.0,0.0,8.400465897586339e-14,0.0,0.0,-16144.0
t243,15395.000000006781,2.063234189669664e-9,-8.841770568452033e-9,0.0,0.0,0.0,8.402437544675655e-14,0.0,0.0,-15395.0
t244,15182.000000007043,2.0348854543419657e-9,-9.07816267589373e-9,0.0,0.0,0.0,8.400345366818447e-14,0.0,0.0,-15182.0
t245,15241.000000007338,1.9980709178188586e-9,-9.333875040282208e-9,0.0,0.0,0.0,8.399404919094783e-14,0.0,0.0,-15241.0
t246,16749.00000000744,1.973253629701588e-9,-9.409870952148495e-9,0.0,0.0,0.0,8.39558630933816e-14,0.0,0.0,-16749.0
t247,20067.000000007207,1.9951391080870387e-9,-9.202161514380339e-9,0.0,0.0,0.0,8.386575182623803e-14,0.0,0.0,-20067.0
t248,25381.00000000765,1.9539527460169106e-9,-9.606990376461204e-9,0.0,0.0,0.0,8.358320374670973e-14,0.0,0.0,-25381.0
t249,26144.000000008127,1.905008745503086e-9,-1.0032177154692478e-8,0.0,0.0,0.0,8.357506069605825e-14,0.0,0.0,-26144.0
t250,25679.000000008382,1.8796803845863946e-9,-1.0264243692986721e-8,0.0,0.0,0.0,8.374556520888083e-14,0.0,0.0,-25679.0
t251,25586.000000008487,1.8631760146760987e-9,-1.0349774716794914e-8,0.0,0.0,0.0,8.386890398850954e-14,0.0,0.0,-25586.0
t252,26531.000000008262,1.8797784827696887e-9,-1.0145182396122337e-8,0.0,0.0,0.0,8.371632692059885e-14,0.0,0.0,-26531.0
t253,26831.000000008426,1.8809559211542678e-9,-1.030933057205907e-8,0.0,0.0,0.0,8.385665772211642e-14,0.0,0.0,-26831.0
t254,25968.000000008753,1.850613616809947e-9,-1.0601358924431441e-8,0.0,0.0,0.0,8.375853669261621e-14,0.0,0.0,-25968.0
t255,25958.00000000917,1.8106260674532044e-9,-1.0984053228566781e-8,0.0,0.0,0.0,8.357206085385053e-14,0.0,0.0,-25958.0
t256,27653.00000000915,1.8063669634372536e-9,-1.0961396305167093e-8,0.0,0.0,0.0,8.346730600518417e-14,0.0,0.0,-27653.0
t257,30823.00000000909,1.810944357893909e-9,-1.0897999249710252e-8,0.0,0.0,0.0,8.329380027888201e-14,0.0,0.0,-30823.0
t258,35316.00000001077,1.6628089721711871e-9,-1.2427732449607948e-8,0.0,0.0,0.0,8.305384677823555e-14,0.0,0.0,-35316.0
t259,34776.0000000108,1.6773594151767479e-9,-1.2464695794928256e-8,0.0,0.0,0.0,8.310607730193588e-14,0.0,0.0,-34776.0
t260,30556.00000000994,1.761582540075181e-9,-1.170319038124103e-8,0.0,0.0,0.0,8.330361521612216e-14,0.0,0.0,-30556.0
t261,29194.000000010034,1.7515833985061322e-9,-1.1782394516950384e-8,0.0,0.0,0.0,8.333619484176327e-14,0.0,0.0,-29194.0
t262,25394.00000000915,1.8276204496737923e-9,-1.098257596813783e-8,0.0,0.0,0.0,8.358488239032133e-14,0.0,0.0,-25394.0
t263,22512.000000009295,1.8327845784018263e-9,-1.1126073620154047e-8,0.0,0.0,0.0,8.373752517406283e-14,0.0,0.0,-22512.0
t264,19776.00000000975,1.801294609032234e-9,-1.1550180199803378e-8,0.0,0.0,0.0,8.385515493268741e-14,0.0,0.0,-19776.0
t265,17079.000000009968,1.7909673512309188e-9,-1.1756109219805172e-8,0.0,0.0,0.0,8.395348448553086e-14,0.0,0.0,-17079.0
t266,15759.000000010052,1.7827515482595516e-9,-1.1834199620688418e-8,0.0,0.0,0.0,8.396477571741605e-14,0.0,0.0,-15759.0
t267,15088.000000009779,1.809358110103228e-9,-1.1591715093194964e-8,0.0,0.0,0.0,8.402176794059736e-14,0.0,0.0,-15088.0
t268,15024.000000010019,1.8195505550378854e-9,-1.1839384447884565e-8,0.0,0.0,0.0,8.39641330265337e-14,0.0,0.0,-15024.0
t269,15356.000000010448,1.7977438279196858e-9,-1.2247725459976348e-8,0.0,0.0,0.0,8.39394149791975e-14,0.0,0.0,-15356.0
t270,17020.00000001086,1.7688849620645282e-9,-1.2628165547303665e-8,0.0,0.0,0.0,8.390624215641918e-14,0.0,0.0,-17020.0
t271,21523.000000011067,1.748313358349249e-9,-1.2813768530466935e-8,0.0,0.0,0.0,8.373953710477299e-14,0.0,0.0,-21523.0
t272,28104.000000011965,1.6896375726287272e-9,-1.3657712263299288e-8,0.0,0.0,0.0,8.344093203192879e-14,0.0,0.0,-28104.0
t273,29531.000000013075,1.6339029675502187e-9,-1.4707261785069714e-8,0.0,0.0,0.0,8.336610284819535e-14,0.0,0.0,-29531.0
t274,29195.000000013162,1.648413434283592e-9,-1.4814982317768192e-8,0.0,0.0,0.0,8.349637121081834e-14,0.0,0.0,-29195.0
t275,28997.000000013402,1.6482656514665875e-9,-1.5048934636104247e-8,0.0,0.0,0.0,8.360662119386583e-14,0.0,0.0,-28997.0
t276,29979.000000013948,1.6189259132257931e-9,-1.5570193926329732e-8,0.0,0.0,0.0,8.355871778036931e-14,0.0,0.0,-29979.0
t277,29676.000000012784,1.7026956352695108e-9,-1.4488407311569222e-8,0.0,0.0,0.0,8.362095182684668e-14,0.0,0.0,-29676.0
t278,28515.000000012576,1.7434033329510026e-9,-1.4315014853355167e-8,0.0,0.0,0.0,8.366158236493869e-14,0.0,0.0,-28515.0
t279,28365.000000013373,1.7131490937201285e-9,-1.508069651947285e-8,0.0,0.0,0.0,8.352479701220881e-14,0.0,0.0,-28365.0
t280,29776.000000014956,1.6354016465213871e-9,-1.6593615547233295e-8,0.0,0.0,0.0,8.338161847203747e-14,0.0,0.0,-29776.0
t281,32865.00000001757,1.4707097135681517e-9,-1.9018859295605758e-8,0.0,0.0,0.0,8.318123036935054e-14,0.0,0.0,-32865.0
t282,37303.000000019885,1.5323134226736305e-9,-2.1412762637967784e-8,0.0,0.0,0.0,8.29404914292258e-14,0.0,0.0,-37303.0
t283,37658.00000002008,1.527736026993047e-9,-2.1720726407660373e-8,0.0,0.0,0.0,8.29603145126677e-14,0.0,0.0,-37658.0
t284,34047.00000001734,1.5873958895219717e-9,-1.8932257304576047e-8,0.0,0.0,0.0,8.312986843062479e-14,0.0,0.0,-34047.0
t285,33288.000000016735,1.6555853485975215e-9,-1.839884869289884e-8,0.0,0.0,0.0,8.313342831577719e-14,0.0,0.0,-33288.0
t286,27692.000000015127,1.8525435475109227e-9,-1.697740940256377e-8,0.0,0.0,0.0,8.345095826587847e-14,0.0,0.0,-27692.0
t287,24651.000000014752,1.9631509135785847e-9,-1.6713900260355218e-8,0.0,0.0,0.0,8.362469973518177e-14,0.0,0.0,-24651.0
t288,22028.00000001544,1.9775837663181585e-9,-1.7420526394365314e-8,0.0,0.0,0.0,8.374271879025585e-14,0.0,0.0,-22028.0
t289,19716.000000016404,1.9761146432906867e-9,-1.838205324751368e-8,0.0,0.0,0.0,8.386593030879385e-14,0.0,0.0,-19716.0
t290,18720.000000017437,1.9537529207484e-9,-1.9390795646767706e-8,0.0,0.0,0.0,8.389356317952392e-14,0.0,0.0,-18720.0
t291,18197.000000018084,1.94487495275325e-9,-2.003000471167744e-8,0.0,0.0,0.0,8.38947027507504e-14,0.0,0.0,-18197.0
t292,18549.000000017866,2.0589897914732184e-9,-1.9929209185457748e-8,0.0,0.0,0.0,8.389526113536732e-14,0.0,0.0,-18549.0
t293,19161.000000018885,2.0874295978100852e-9,-2.0974685742349763e-8,0.0,0.0,0.0,8.386674897324877e-14,0.0,0.0,-19161.0
t294,20889.000000020344,2.0775391903530702e-9,-2.242413441032097e-8,0.0,0.0,0.0,8.377701229812578e-14,0.0,0.0,-20889.0
t295,25047.000000022108,2.0462734063592e-9,-2.4159176758449988e-8,0.0,0.0,0.0,8.357881915696839e-14,0.0,0.0,-25047.0
t296,32098.00000002491,1.751712797134404e-9,-2.666037807904196e-8,0.0,0.0,0.0,8.324733013984203e-14,0.0,0.0,-32098.0
t297,34693.000000033,1.5923083549473149e-9,-3.457074614464518e-8,0.0,0.0,0.0,8.311856533655644e-14,0.0,0.0,-34693.0
t298,35181.00000003575,1.6824521361799002e-9,-3.7414956315540486e-8,0.0,0.0,0.0,8.318700653545809e-14,0.0,0.0,-35181.0
t299,35212.00000003826,1.726251930107907e-9,-3.9977143590455845e-8,0.0,0.0,0.0,8.32106206092706e-14,0.0,0.0,-35212.0
t300,36531.00000004277,1.2050991160431138e-9,-4.396284247162644e-8,0.0,0.0,0.0,8.309723703918535e-14,0.0,0.0,-36531.0
t301,36382.0000000505,8.510265154274078e-10,-5.1363822712483284e-8,0.0,0.0,0.0,8.309402281814358e-14,0.0,0.0,-36382.0
t302,34874.00000005674,1.0135144806751846e-9,-5.7728693272806494e-8,0.0,0.0,0.0,8.309792701695806e-14,0.0,0.0,-34874.0
t303,34528.00000007384,8.774367150865397e-10,-7.466263916949702e-8,0.0,0.0,0.0,8.308078462707378e-14,0.0,0.0,-34528.0
t304,35369.00000027862,4.5546199216595685e-9,-2.8316030883371903e-7,0.0,0.0,0.0,8.306736169619991e-14,0.0,0.0,-35369.0
t305,37367.80128621095,1034.1987137408198,-7.679382312947567e-12,0.0,0.0,0.0,8.962326357307137e-14,0.0,0.0,-38402.0
t306,37496.2336197099,4936.766380317953,-3.580881046687864e-13,0.0,0.0,0.0,1.2750841740146692e-13,0.0,0.0,-42433.0
t307,37568.660436508275,3897.3395634899525,-2.6542264106616824e-12,0.0,0.0,0.0,8.923452220130658e-14,0.0,0.0,-41466.0
t308,37198.38945819956,5.360794030318231e-10,-5.389458200209176,0.0,0.0,0.0,8.29786946249713e-14,0.0,0.0,-37193.0
t309,35452.34060899909,1.011300892615955e-9,-10.34060900005849,0.0,0.0,0.0,8.30267148513926e-14,0.0,0.0,-35442.0
t310,29875.14897192197,1.7763815571666797e-9,-8.148971923749693,0.0,0.0,0.0,8.332102937033483e-14,0.0,0.0,-29867.0
t311,26858.017035655088,1.8868991295517304e-9,-7.017035656973307,0.0,0.0,0.0,8.34810201380151e-14,0.0,0.0,-26851.0
t312,24385.562992953357,1.9404778931584235e-9,-6.562992955300814,0.0,0.0,0.0,8.35898117556748e-14,0.0,0.0,-24379.0
t313,23086.733134056572,1.946192181671527e-9,-6.733134058524298,0.0,0.0,0.0,8.368881316581567e-14,0.0,0.0,-23080.0
t314,21130.0357116758,1.9307832888644884e-9,-7.03571167773087,0.0,0.0,0.0,8.37944701251516e-14,0.0,0.0,-21123.0
t315,20718.350790285152,1.8835031401945792e-9,-7.350790287036411,0.0,0.0,0.0,8.380116356692193e-14,0.0,0.0,-20711.0
t316,20655.298003172742,1.8821766538028925e-9,-7.298003174622732,0.0,0.0,0.0,8.38140341521041e-14,0.0,0.0,-20648.0
t317,21008.911939323265,1.948066299103086e-9,-6.911939325210011,0.0,0.0,0.0,8.381685958352206e-14,0.0,0.0,-21002.0
t318,22181.151534256915,1.951067524388598e-9,-7.15153425886364,0.0,0.0,0.0,8.373562167063208e-14,0.0,0.0,-22174.0
t319,23593.46156891846,1.9598337209453288e-9,-7.46156892041834,0.0,0.0,0.0,8.367849404802917e-14,0.0,0.0,-23586.0
t320,25697.800578807884,1.9549653263797378e-9,-7.800578809836795,0.0,0.0,0.0,8.356523847936576e-14,0.0,0.0,-25690.0
t321,27596.937133264277,1.9571240286384288e-9,-7.937133266236495,0.0,0.0,0.0,8.343128106419844e-14,0.0,0.0,-27589.0
t322,30450.750286533275,2.0625551169439177e-9,-7.750286535340412,0.0,0.0,0.0,8.332824842163239e-14,0.0,0.0,-30443.0
t323,31962.998026446632,2.081340642174611e-9,-8.998026448712459,0.0,0.0,0.0,8.328883949529747e-14,0.0,0.0,-31954.0
t324,34114.387766844935,2.0308268352623823e-9,-11.387766846960055,0.0,0.0,0.0,8.314659021613453e-14,0.0,0.0,-34103.0
t325,35385.381396562,2.046079791467428e-9,-12.381396564040783,0.0,0.0,0.0,8.31285339077356e-14,0.0,0.0,-35373.0
t326,35428.238775963546,2.131064574638381e-9,-12.238775965674051,0.0,0.0,0.0,8.313051575110377e-14,0.0,0.0,-35416.0
t327,35177.58336423701,2.392765081798874e-9,-10.583364239402659,0.0,0.0,0.0,8.312977807157036e-14,0.0,0.0,-35167.0
t328,34269.31818735785,2.5487889648582184e-9,-10.318187360398598,0.0,0.0,0.0,8.316834497978083e-14,0.0,0.0,-34259.0
t329,35623.89436449938,2.616078810673025e-9,-11.894364501990106,0.0,0.0,0.0,8.30612618385814e-14,0.0,0.0,-35612.0
t330,36631.28919793673,2.629968414347906e-9,-14.289197939359601,0.0,0.0,0.0,8.29967334395687e-14,0.0,0.0,-36617.0
t331,38774.896177897164,2.7078819548283498e-9,-15.89617789987175,0.0,0.0,0.0,8.295149143860543e-14,0.0,0.0,-38759.0
t332,38020.113715812375,3.1621183272686046e-9,-12.113715815563934,0.0,0.0,0.0,8.297015017060753e-14,0.0,0.0,-38008.0
t333,36463.52619778166,3.528898619414348e-9,-13.526197785190032,0.0,0.0,0.0,8.300909376231422e-14,0.0,0.0,-36450.0
t334,34359.233477062015,4.079473373596924e-9,-14.233477066088057,0.0,0.0,0.0,8.313058131800395e-14,0.0,0.0,-34345.0
t335,32171.146841411613,4.783126535321262e-9,-20.14684141639477,0.0,0.0,0.0,8.323861996368894e-14,0.0,0.0,-32151.0
t336,28804.730383012302,5.558012176733519e-9,-55.730383002529,0.0,0.0,0.0,8.337870083126847e-14,0.0,0.0,-28749.0
